Data;Camera;Garage;Cucina;Giardino;Cantina
18-Jul-2021 19:50:00;26,2;22,3;25;26,7;24,4
18-Jul-2021 19:55:00;26,2;22,3;25;26,7;24,4
18-Jul-2021 20:00:00;26,1;22,4;24,9;26,6;24,4
18-Jul-2021 20:05:00;26,2;22,4;25;26,6;24,4
18-Jul-2021 20:10:00;26,2;22,3;25;26,7;24,4
18-Jul-2021 20:15:00;26,3;22,3;25;26,7;24,4
18-Jul-2021 20:20:00;26,2;22,3;25,1;26,5;24,4
18-Jul-2021 20:25:00;26,5;22,3;25,2;26,4;24,4
18-Jul-2021 20:30:00;26,6;22,3;25,2;26,5;24,4
18-Jul-2021 20:35:00;26,4;22,3;25,4;26,5;24,4
18-Jul-2021 20:40:00;26,4;22,3;25,5;26,6;24,4
18-Jul-2021 20:45:00;26,4;22,4;25,8;27;24,4
18-Jul-2021 20:50:00;26,4;22,4;25,6;27,3;24,4
18-Jul-2021 20:55:00;26,3;22,4;25,6;27,6;24,4
18-Jul-2021 21:00:00;26,5;22,4;25,5;27,8;24,4
18-Jul-2021 21:05:00;26,5;22,4;25,4;27,9;24,4
18-Jul-2021 21:10:00;26,6;22,4;25,3;27,9;24,4
18-Jul-2021 21:15:00;26,6;22,4;25,3;27,8;24,4
18-Jul-2021 21:20:00;26,5;22,4;25,4;27,5;24,4
18-Jul-2021 21:25:00;26,6;22,4;25,3;27,4;24,4
18-Jul-2021 21:30:00;26,8;22,3;25,3;27,4;24,4
18-Jul-2021 21:35:00;26,8;22,4;25,3;27,2;24,4
18-Jul-2021 21:40:00;26,6;22,4;25,2;27,2;24,4
18-Jul-2021 21:45:00;26,7;22,4;25,2;27,1;24,4
18-Jul-2021 21:50:00;26,6;22,3;25,2;27,1;24,4
18-Jul-2021 21:55:00;26,7;22,4;25,1;26,8;24,4
18-Jul-2021 22:00:00;26,8;22,4;25,1;26,7;24,4
18-Jul-2021 22:05:00;26,8;22,3;25,1;26,6;24,4
18-Jul-2021 22:10:00;27;22,3;25;26,5;24,4
18-Jul-2021 22:15:00;27;22,3;25,1;26,5;24,4
18-Jul-2021 22:20:00;27,1;22,3;25,1;26,4;24,4
18-Jul-2021 22:25:00;27,1;22,3;25,3;26,4;24,4
18-Jul-2021 22:30:00;27;22,3;25,4;26,3;24,4
18-Jul-2021 22:35:00;27;22,3;25,5;26,3;24,4
18-Jul-2021 22:40:00;27,1;22,3;25,5;26,3;24,3
18-Jul-2021 22:45:00;27,1;22,3;25,5;26,2;24,3
18-Jul-2021 22:50:00;27,1;22,3;25,5;26,2;24,3
18-Jul-2021 22:55:00;27,1;22,3;25,4;26,2;24,2
18-Jul-2021 23:00:00;27;22,3;25,4;26,2;24,2
18-Jul-2021 23:05:00;27;22,3;25,4;26,1;24,2
18-Jul-2021 23:10:00;27,1;22,3;25,3;26,1;24,2
18-Jul-2021 23:15:00;27,1;22,3;25,2;26,1;24,2
18-Jul-2021 23:20:00;27,1;22,3;25,2;26;24,2
18-Jul-2021 23:25:00;27,3;22,3;25,2;26;24,2
18-Jul-2021 23:30:00;27,3;22,3;25,3;25,9;24,1
18-Jul-2021 23:35:00;27,1;22,3;25,2;25,9;24,1
18-Jul-2021 23:40:00;27,1;22,3;25,3;25,8;24,1
18-Jul-2021 23:45:00;27;22,3;25,5;25,7;24,1
18-Jul-2021 23:50:00;27,1;22,2;25,7;25,6;24
18-Jul-2021 23:55:00;27,2;22,2;25,7;25,6;24
19-Jul-2021 00:00:00;27,2;22,2;25,7;25,6;23,9
19-Jul-2021 00:05:00;27,1;22,2;25,7;25,6;23,9
19-Jul-2021 00:10:00;27,1;22,1;25,7;25,5;24
19-Jul-2021 00:15:00;27,3;22,1;25,7;25,4;23,9
19-Jul-2021 00:20:00;27,3;22;25,6;25,4;23,9
19-Jul-2021 00:25:00;27,1;22;25,4;25,4;23,9
19-Jul-2021 00:30:00;27,1;22,1;25,2;25,3;23,9
19-Jul-2021 00:35:00;27,2;22;25,1;25,3;23,9
19-Jul-2021 00:40:00;27,3;22;25;25,2;23,8
19-Jul-2021 00:45:00;27,2;21,9;24,8;25,2;23,8
19-Jul-2021 00:50:00;27,1;22;24,7;25,2;23,8
19-Jul-2021 00:55:00;27,1;21,9;24,7;25,1;23,8
19-Jul-2021 01:00:00;27,1;21,9;24,7;25,1;23,8
19-Jul-2021 01:05:00;27,2;21,8;24,5;25;23,8
19-Jul-2021 01:10:00;27,1;21,8;24,5;25;23,8
19-Jul-2021 01:15:00;26,9;21,8;24,4;25;23,8
19-Jul-2021 01:20:00;27;21,8;24,5;24,9;23,7
19-Jul-2021 01:25:00;26,9;21,8;24,5;24,8;23,7
19-Jul-2021 01:30:00;26,5;21,8;24,4;24,8;23,6
19-Jul-2021 01:35:00;26,5;21,7;24,5;24,8;23,6
19-Jul-2021 01:40:00;26,6;21,8;24,5;24,8;23,6
19-Jul-2021 01:45:00;26,6;21,7;24,4;24,7;23,6
19-Jul-2021 01:50:00;26,8;21,6;24,4;24,6;23,5
19-Jul-2021 01:55:00;26,8;21,6;24,5;24,6;23,3
19-Jul-2021 02:00:00;26,9;21,7;24,4;24,6;23,4
19-Jul-2021 02:05:00;26,9;21,6;24,3;24,6;23,3
19-Jul-2021 02:10:00;27;21,6;24,3;24,5;23,5
19-Jul-2021 02:15:00;27;21,6;24,3;24,5;23,4
19-Jul-2021 02:20:00;27,1;21,5;24,2;24,5;23,4
19-Jul-2021 02:25:00;27,1;21,5;24,2;24,5;23,3
19-Jul-2021 02:30:00;27,1;21,5;24,2;24,4;23,3
19-Jul-2021 02:35:00;27,1;21,5;24,2;24,3;23,4
19-Jul-2021 02:40:00;27,1;21,5;24,2;24,3;23,5
19-Jul-2021 02:45:00;27,1;21,5;24,2;24,3;23,5
19-Jul-2021 02:50:00;27,1;21,5;24,2;24,3;23,5
19-Jul-2021 02:55:00;27,3;21,5;24,2;24,2;23,5
19-Jul-2021 03:00:00;27,2;21,5;24,2;24,2;23,5
19-Jul-2021 03:05:00;27,3;21,6;24,2;24,1;23,4
19-Jul-2021 03:10:00;27,1;21,6;24,2;24,1;23,2
19-Jul-2021 03:15:00;27,1;21,5;24,2;24,1;23,2
19-Jul-2021 03:20:00;27;21,5;24,2;24,1;23,3
19-Jul-2021 03:25:00;27,1;21,5;24,2;24;23,4
19-Jul-2021 03:30:00;27,1;21,4;24,2;24;23,2
19-Jul-2021 03:35:00;27,1;21,4;24,1;24;23,2
19-Jul-2021 03:40:00;27,1;21,4;24,1;24;23,1
19-Jul-2021 03:45:00;27,2;21,4;24,1;24;23,1
19-Jul-2021 03:50:00;27,3;21,4;24,1;23,9;23,1
19-Jul-2021 03:55:00;27,4;21,4;24,1;23,9;23,1
19-Jul-2021 04:00:00;27,2;21,3;24;23,8;23,1
19-Jul-2021 04:05:00;27,1;21,4;24,1;23,8;23
19-Jul-2021 04:10:00;27,3;21,3;24;23,8;22,8
19-Jul-2021 04:15:00;27,3;21,2;24;23,8;22,9
19-Jul-2021 04:20:00;27,4;21,2;23,9;23,8;23
19-Jul-2021 04:25:00;27,3;21,2;23,9;23,7;23
19-Jul-2021 04:30:00;27,3;21,1;23,9;23,7;23
19-Jul-2021 04:35:00;27,1;21,2;23,8;23,6;23
19-Jul-2021 04:40:00;27,4;21,1;23,8;23,6;23,2
19-Jul-2021 04:45:00;27,5;21,1;23,8;23,6;23,1
19-Jul-2021 04:50:00;27,5;21,1;23,7;23,5;23,1
19-Jul-2021 04:55:00;27,3;21,2;23,8;23,5;23,1
19-Jul-2021 05:00:00;27,3;21,2;23,9;23,5;23
19-Jul-2021 05:05:00;27,3;21,3;23,9;23,5;22,9
19-Jul-2021 05:10:00;27,2;21,2;23,9;23,5;22,9
19-Jul-2021 05:15:00;27,1;21,2;23,8;23,5;22,9
19-Jul-2021 05:20:00;27,1;21,1;23,8;23,5;22,8
19-Jul-2021 05:25:00;27,1;21,1;23,8;23,4;22,9
19-Jul-2021 05:30:00;27;21,1;23,8;23,3;23,1
19-Jul-2021 05:35:00;26,9;21,2;23,8;23,3;23
19-Jul-2021 05:40:00;26,9;21;23,7;23,3;23,1
19-Jul-2021 05:45:00;26,8;21;23,7;23,4;23
19-Jul-2021 05:50:00;26,7;21,2;23,6;23,3;23,1
19-Jul-2021 05:55:00;26,7;21,2;23,7;23,2;22,9
19-Jul-2021 06:00:00;26,9;21,1;23,7;23,2;22,8
19-Jul-2021 06:05:00;26,7;21,1;23,7;23,2;22,9
19-Jul-2021 06:10:00;26,8;21,2;23,7;23,2;22,8
19-Jul-2021 06:15:00;26,7;21,1;23,7;23,1;22,8
19-Jul-2021 06:20:00;26,5;21,1;23,7;23,1;22,9
19-Jul-2021 06:25:00;26,7;21,1;23,7;23,1;22,8
19-Jul-2021 06:30:00;26,6;21;23,7;23,1;22,8
19-Jul-2021 06:35:00;26,7;21;23,7;23,1;22,7
19-Jul-2021 06:40:00;27;21,1;23,6;23,1;22,7
19-Jul-2021 06:45:00;27;21,1;23,6;23;22,8
19-Jul-2021 06:50:00;27,1;21,1;23,6;23;22,9
19-Jul-2021 06:55:00;27;20,9;23,6;22,9;22,9
19-Jul-2021 07:00:00;26,9;20,9;23,5;22,9;22,8
19-Jul-2021 07:05:00;26,6;20,9;23,6;22,9;22,7
19-Jul-2021 07:10:00;26,8;21;23,6;22,8;22,7
19-Jul-2021 07:15:00;26,7;21;23,6;22,7;22,7
19-Jul-2021 07:20:00;26,8;20,9;23,6;22,7;22,8
19-Jul-2021 07:25:00;27;20,9;23,6;22,7;22,8
19-Jul-2021 07:30:00;26,9;20,8;23,6;22,7;23
19-Jul-2021 07:35:00;27;20,8;23,6;22,5;22,9
19-Jul-2021 07:40:00;27,1;20,9;23,7;22,5;22,9
19-Jul-2021 07:45:00;27,1;20,8;23,7;22,5;22,9
19-Jul-2021 07:50:00;27;20,9;23,7;22,4;23,1
19-Jul-2021 07:55:00;27;20,9;23,7;22,5;23,2
19-Jul-2021 08:00:00;27,1;20,8;23,7;22,6;23,1
19-Jul-2021 08:05:00;27;20,9;23,7;22,6;23,1
19-Jul-2021 08:10:00;27,1;20,9;23,7;22,6;23,2
19-Jul-2021 08:15:00;27,1;20,9;23,7;22,6;23,3
19-Jul-2021 08:20:00;27,1;20,9;23,5;22,7;23,4
19-Jul-2021 08:25:00;27,1;21;23,5;22,7;23,5
19-Jul-2021 08:30:00;27,1;21,1;23,6;22,8;23,6
19-Jul-2021 08:35:00;27,1;21,2;23,6;22,9;23,7
19-Jul-2021 08:40:00;27,1;21,2;23,6;22,8;23,7
19-Jul-2021 08:45:00;27,1;21,3;23,6;22,9;23,8
19-Jul-2021 08:50:00;27,1;21,5;23,7;23;23,8
19-Jul-2021 08:55:00;27,1;21,5;23,7;23,1;23,8
19-Jul-2021 09:00:00;27,1;21,5;23,9;23,1;23,8
19-Jul-2021 09:05:00;27,2;21,5;23,9;23,2;23,8
19-Jul-2021 09:10:00;27,2;21,5;23,9;23,4;23,8
19-Jul-2021 09:15:00;27,1;21,5;24;23,6;23,8
19-Jul-2021 09:20:00;27,1;21,5;24;23,8;23,8
19-Jul-2021 09:25:00;27,1;21,6;24,1;23,9;23,9
19-Jul-2021 09:30:00;27,2;21,6;24,1;24;23,9
19-Jul-2021 09:35:00;27,2;21,6;24,1;24,1;24
19-Jul-2021 09:40:00;27,2;21,6;24,1;24,2;24
19-Jul-2021 09:45:00;27,2;21,7;24,1;24,4;24
19-Jul-2021 09:50:00;27,2;21,7;24,1;24,3;24
19-Jul-2021 09:55:00;27,2;21,7;24;24,2;24
19-Jul-2021 10:00:00;27,3;21,7;24;24,3;24
19-Jul-2021 10:05:00;27,2;21,7;24,1;24,4;24
19-Jul-2021 10:10:00;27,2;21,7;24;24,3;24
19-Jul-2021 10:15:00;27,2;21,7;24;24,4;24
19-Jul-2021 10:20:00;27,2;21,7;24;24,4;24,2
19-Jul-2021 10:25:00;27,2;21,7;24;24,3;24,1
19-Jul-2021 10:30:00;27,3;21,7;24,1;24,3;24,2
19-Jul-2021 10:35:00;27,3;21,7;24,1;24,5;24,3
19-Jul-2021 10:40:00;27,3;21,7;24,1;24,6;24,2
19-Jul-2021 10:45:00;27,3;21,8;24,1;24,8;24,2
19-Jul-2021 10:50:00;27,3;21,8;24,1;24,9;24,2
19-Jul-2021 10:55:00;27,3;21,9;24,1;25;24,2
19-Jul-2021 11:00:00;27,3;21,9;24,1;25;24,4
19-Jul-2021 11:05:00;27,3;21,9;24,1;24,9;24,3
19-Jul-2021 11:10:00;27,2;21,9;24;24,8;24,3
19-Jul-2021 11:15:00;27,2;21,9;24;24,8;24,2
19-Jul-2021 11:20:00;27,2;22;24,1;24,6;24,2
19-Jul-2021 11:25:00;27,2;22;24;24,6;24,1
19-Jul-2021 11:30:00;27,2;21,9;24,1;24,6;24,1
19-Jul-2021 11:35:00;27,3;21,9;24,1;24,7;24,1
19-Jul-2021 11:40:00;27,2;21,9;24,2;24,6;24,2
19-Jul-2021 11:45:00;27,3;22;24,2;24,7;24,2
19-Jul-2021 11:50:00;27,2;21,9;24,2;24,8;24,2
19-Jul-2021 11:55:00;27,2;21,9;24,3;24,9;24,1
19-Jul-2021 12:00:00;27,2;21,9;24,3;25;24,1
19-Jul-2021 12:05:00;27,2;21,9;24,4;25,1;24,1
19-Jul-2021 12:10:00;27,2;21,9;24,4;25,2;24,1
19-Jul-2021 12:15:00;27,3;21,9;24,4;25,4;24,2
19-Jul-2021 12:20:00;27,2;21,9;24,5;25,6;24,1
19-Jul-2021 12:25:00;27,1;21,9;24,4;25,6;24,2
19-Jul-2021 12:30:00;27,2;21,9;24,4;25,6;24,2
19-Jul-2021 12:35:00;27,1;21,8;24,3;25,8;24,1
19-Jul-2021 12:40:00;27,2;21,8;24,4;25,9;24,2
19-Jul-2021 12:45:00;27,1;21,9;24,3;26,1;24,2
19-Jul-2021 12:50:00;27,1;21,9;24,3;26,1;24,3
19-Jul-2021 12:55:00;27,1;21,9;24,3;26,4;24,2
19-Jul-2021 13:00:00;27,1;21,9;24,3;26,4;24,2
19-Jul-2021 13:05:00;27,1;21,9;24,4;26,3;24,2
19-Jul-2021 13:10:00;27,1;22;24,4;26,4;24,2
19-Jul-2021 13:15:00;27,2;22;24,4;26,4;24,2
19-Jul-2021 13:20:00;27,1;22,1;24,5;26,4;24,2
19-Jul-2021 13:25:00;27,1;22;24,6;26,5;24,2
19-Jul-2021 13:30:00;27,1;22,1;24,6;26,7;24,2
19-Jul-2021 13:35:00;27,1;22,1;24,6;26,7;24,2
19-Jul-2021 13:40:00;27,1;22,1;24,5;26,8;24,2
19-Jul-2021 13:45:00;27,1;22,1;24,5;26,8;24,2
19-Jul-2021 13:50:00;27,1;22,1;24,5;26,7;24,2
19-Jul-2021 13:55:00;27,1;22;24,5;26,7;24,2
19-Jul-2021 14:00:00;27,1;22,1;24,4;26,8;24,2
19-Jul-2021 14:05:00;27,1;22,1;24,4;26,9;24,2
19-Jul-2021 14:10:00;27,1;22;24,4;27;24,2
19-Jul-2021 14:15:00;27,1;22;24,4;27;24,3
19-Jul-2021 14:20:00;27,1;22;24,4;27,1;24,3
19-Jul-2021 14:25:00;27,1;22;24,5;27,1;24,2
19-Jul-2021 14:30:00;27,1;22,1;24,5;27,1;24,2
19-Jul-2021 14:35:00;27,1;22;24,5;27,2;24,2
19-Jul-2021 14:40:00;27,1;22;24,5;27,1;24,3
19-Jul-2021 14:45:00;27,1;22,1;24,4;27,1;24,4
19-Jul-2021 14:50:00;27,1;22;24,5;27;24,4
19-Jul-2021 14:55:00;27,1;22;24,5;26,8;24,4
19-Jul-2021 15:00:00;26,6;22;24,5;26,8;24,4
19-Jul-2021 15:05:00;26,4;22;24,6;26,7;24,5
19-Jul-2021 15:10:00;26,3;22;24,6;26,3;24,7
19-Jul-2021 15:15:00;26,2;22,1;24,5;26,3;24,7
19-Jul-2021 15:20:00;26,2;22,1;24,4;26,3;24,7
19-Jul-2021 15:25:00;26,2;22;24,5;26,3;24,6
19-Jul-2021 15:30:00;26,3;22,1;24,4;26,3;24,5
19-Jul-2021 15:35:00;26,3;22,1;24,4;26,4;24,5
19-Jul-2021 15:40:00;26,3;22,1;24,4;26,5;24,6
19-Jul-2021 15:45:00;26,3;22,1;24,4;26,6;24,5
19-Jul-2021 15:50:00;26,1;22,1;24,4;26,5;24,7
19-Jul-2021 15:55:00;26,4;22,1;24,4;26,4;24,7
19-Jul-2021 16:00:00;26,3;22,1;24,5;26,3;24,6
19-Jul-2021 16:05:00;26,4;22,1;24,6;26,1;24,7
19-Jul-2021 16:10:00;26,2;22,1;24,6;26,1;24,7
19-Jul-2021 16:15:00;26,3;22,1;24,6;26,1;24,6
19-Jul-2021 16:20:00;26,6;22,1;24,6;26,1;24,6
19-Jul-2021 16:25:00;26,3;22,2;24,7;26,1;24,6
19-Jul-2021 16:30:00;26,3;22,2;24,6;26;24,6
19-Jul-2021 16:35:00;26,5;22,2;24,5;25,9;24,5
19-Jul-2021 16:40:00;26,7;22,1;24,6;26,1;24,5
19-Jul-2021 16:45:00;26,7;22,2;24,6;26,1;24,5
19-Jul-2021 16:50:00;26,7;22,1;24,6;26;24,5
19-Jul-2021 16:55:00;26,8;22,1;24,6;26;24,6
19-Jul-2021 17:00:00;26,8;22,1;24,5;25,9;24,5
19-Jul-2021 17:05:00;26,7;22,2;24,5;25,8;24,6
19-Jul-2021 17:10:00;26,8;22,2;24,5;25,8;24,5
19-Jul-2021 17:15:00;26,8;22,2;24,5;25,8;24,6
19-Jul-2021 17:20:00;26,7;22,2;24,4;25,8;24,6
19-Jul-2021 17:25:00;26,6;22,2;24,5;25,9;24,5
19-Jul-2021 17:30:00;26,7;22,2;24,5;25,9;24,6
19-Jul-2021 17:35:00;26,7;22,2;24,5;26;24,5
19-Jul-2021 17:40:00;26,8;22,2;24,5;26,3;24,6
19-Jul-2021 17:45:00;26,9;22,2;24,6;26,3;24,6
19-Jul-2021 17:50:00;27,1;22,2;24,6;26,3;24,6
19-Jul-2021 17:55:00;27;22,2;24,6;26,2;24,6
19-Jul-2021 18:00:00;27;22,2;24,7;26,2;24,6
19-Jul-2021 18:05:00;27;22,2;24,7;26,2;24,6
19-Jul-2021 18:10:00;27,1;22,2;24,7;26,3;24,6
19-Jul-2021 18:15:00;27;22,2;24,8;26,3;24,6
19-Jul-2021 18:20:00;26,8;22,3;24,7;26,6;24,6
19-Jul-2021 18:25:00;26,9;22,2;24,7;26,8;24,7
19-Jul-2021 18:30:00;27;22,2;24,7;27,2;24,7
19-Jul-2021 18:35:00;26,7;22,2;24,7;27,6;24,6
19-Jul-2021 18:40:00;26,9;22,2;24,8;27,9;24,5
19-Jul-2021 18:45:00;27;22,2;24,7;28,1;24,5
19-Jul-2021 18:50:00;27,1;22,2;24,7;28,1;24,5
19-Jul-2021 18:55:00;26,7;22,3;24,7;28,2;24,5
19-Jul-2021 19:00:00;26,9;22,2;24,7;27,8;24,5
19-Jul-2021 19:05:00;27,1;22,2;24,7;27,5;24,5
19-Jul-2021 19:10:00;27;22,2;24,6;27,3;24,5
19-Jul-2021 19:15:00;27,1;22,2;24,7;27,1;24,5
19-Jul-2021 19:20:00;27,2;22,2;24,7;27,3;24,5
19-Jul-2021 19:25:00;27,1;22,2;24,7;27,1;24,5
19-Jul-2021 19:30:00;27,1;22,2;24,7;27,1;24,5
19-Jul-2021 19:35:00;27,2;22,2;24,7;27;24,5
19-Jul-2021 19:40:00;27,2;22,2;24,7;27;24,5
19-Jul-2021 19:45:00;27,1;22,2;24,7;26,9;24,5
19-Jul-2021 19:50:00;27,2;22,2;24,7;26,9;24,5
19-Jul-2021 19:55:00;27,2;22,2;24,8;26,9;24,5
19-Jul-2021 20:00:00;27,4;22,2;24,7;26,9;24,4
19-Jul-2021 20:05:00;27,4;22,2;24,7;26,8;24,4
19-Jul-2021 20:10:00;27,3;22,2;24,7;26,8;24,4
19-Jul-2021 20:15:00;27,3;22,2;24,7;26,8;24,4
19-Jul-2021 20:20:00;27,3;22,2;24,7;26,8;24,5
19-Jul-2021 20:25:00;27,4;22,2;24,7;26,7;24,4
19-Jul-2021 20:30:00;27,4;22,2;24,8;26,8;24,4
19-Jul-2021 20:35:00;27,3;22,3;24,8;26,8;24,4
19-Jul-2021 20:40:00;27,5;22,2;24,7;26,7;24,5
19-Jul-2021 20:45:00;27,6;22,3;24,8;26,7;24,4
19-Jul-2021 20:50:00;27,4;22,3;24,8;26,6;24,4
19-Jul-2021 20:55:00;27,4;22,3;24,7;26,5;24,4
19-Jul-2021 21:00:00;27,4;22,2;24,7;26,4;24,5
19-Jul-2021 21:05:00;27,5;22,3;24,7;26,6;24,5
19-Jul-2021 21:10:00;27,5;22,2;24,7;26,7;24,4
19-Jul-2021 21:15:00;27,5;22,3;24,7;26,7;24,4
19-Jul-2021 21:20:00;27,6;22,2;24,7;26,7;24,4
19-Jul-2021 21:25:00;27,6;22,2;24,6;26,8;24,5
19-Jul-2021 21:30:00;27,6;22,3;24,7;26,9;24,5
19-Jul-2021 21:35:00;27,5;22,2;24,8;27,1;24,5
19-Jul-2021 21:40:00;27,6;22,3;24,9;27;24,5
19-Jul-2021 21:45:00;27,6;22,3;24,8;27;24,5
19-Jul-2021 21:50:00;27,6;22,2;24,7;27;24,5
19-Jul-2021 21:55:00;27,6;22,3;24,6;27;24,5
19-Jul-2021 22:00:00;27,6;22,3;24,6;27;24,5
19-Jul-2021 22:05:00;27,5;22,3;24,7;27;24,4
19-Jul-2021 22:10:00;27,4;22,3;25;26,9;24,4
19-Jul-2021 22:15:00;27,4;22,2;25,1;26,9;24,4
19-Jul-2021 22:20:00;27,4;22,2;25,1;26,8;24,4
19-Jul-2021 22:25:00;27,3;22,2;25,1;26,7;24,3
19-Jul-2021 22:30:00;27,4;22,1;25,1;26,7;24,3
19-Jul-2021 22:35:00;27,3;22,1;25,1;26,6;24,3
19-Jul-2021 22:40:00;27,5;21,9;25,1;26,4;24,3
19-Jul-2021 22:45:00;27,5;21,9;25;26,4;24,3
19-Jul-2021 22:50:00;27,5;21,9;24,9;26,4;24,2
19-Jul-2021 22:55:00;27,5;21,8;24,9;26,4;24,2
19-Jul-2021 23:00:00;27,5;21,8;24,9;26,3;24,2
19-Jul-2021 23:05:00;27,6;21,7;24,9;26,3;24,2
19-Jul-2021 23:10:00;27,7;21,7;24,9;26,2;24,2
19-Jul-2021 23:15:00;27,6;21,6;24,9;26,1;24,1
19-Jul-2021 23:20:00;27,6;21,6;24,9;26,1;24,1
19-Jul-2021 23:25:00;27,7;21,5;24,9;25,9;24,1
19-Jul-2021 23:30:00;27,5;21,5;24,9;25,9;24,1
19-Jul-2021 23:35:00;27,6;21,4;24,9;25,8;24,1
19-Jul-2021 23:40:00;27,6;21,4;24,8;25,7;24
19-Jul-2021 23:45:00;27,6;21,4;24,9;25,7;24
19-Jul-2021 23:50:00;27,6;21,4;24,7;25,7;24
19-Jul-2021 23:55:00;27,6;21,4;24,4;25,6;24
20-Jul-2021 00:00:00;27,8;21,4;24,4;25,6;23,9
20-Jul-2021 00:05:00;27,8;21,3;24,4;25,5;23,9
20-Jul-2021 00:10:00;27,8;21,2;24,4;25,4;23,9
20-Jul-2021 00:15:00;27,6;21,2;24,4;25,4;23,9
20-Jul-2021 00:20:00;27,7;21,2;24,3;25,5;23,9
20-Jul-2021 00:25:00;27,6;21,2;24,3;25,4;23,9
20-Jul-2021 00:30:00;27,6;21,2;24,4;25,5;23,9
20-Jul-2021 00:35:00;27,6;21,1;24,5;25,4;23,9
20-Jul-2021 00:40:00;27,6;21,2;24,6;25,3;23,9
20-Jul-2021 00:45:00;27,7;21,2;24,7;25,3;24
20-Jul-2021 00:50:00;27,7;21,3;24,7;25,2;23,9
20-Jul-2021 00:55:00;27,7;21,2;24,7;25,2;23,9
20-Jul-2021 01:00:00;27,7;21,3;24,7;25,1;23,9
20-Jul-2021 01:05:00;27,7;21,2;24,7;25;23,9
20-Jul-2021 01:10:00;27,8;21,1;24,7;25;23,9
20-Jul-2021 01:15:00;27,8;21,1;24,7;25;23,9
20-Jul-2021 01:20:00;27,7;21,1;24,7;25;23,9
20-Jul-2021 01:25:00;27,7;21,1;24,7;24,9;23,9
20-Jul-2021 01:30:00;27,7;21;24,7;24,9;23,8
20-Jul-2021 01:35:00;27,7;21,1;24,5;24,9;23,8
20-Jul-2021 01:40:00;27,8;21;24,5;24,9;23,8
20-Jul-2021 01:45:00;28;20,9;24,4;24,8;23,8
20-Jul-2021 01:50:00;28;20,9;24,4;24,8;23,8
20-Jul-2021 01:55:00;27,9;20,9;24,4;24,7;23,8
20-Jul-2021 02:00:00;28,2;20,9;24,4;24,7;23,8
20-Jul-2021 02:05:00;28,1;20,9;24,4;24,6;23,7
20-Jul-2021 02:10:00;28,1;20,9;24,6;24,7;23,7
20-Jul-2021 02:15:00;27,9;20,8;24,7;24,6;23,7
20-Jul-2021 02:20:00;27,9;20,9;24,7;24,6;23,7
20-Jul-2021 02:25:00;27,9;20,9;24,7;24,6;23,6
20-Jul-2021 02:30:00;27,9;20,8;24,7;24,6;23,7
20-Jul-2021 02:35:00;27,9;20,7;24,7;24,5;23,6
20-Jul-2021 02:40:00;28;20,8;24,7;24,5;23,6
20-Jul-2021 02:45:00;28;20,8;24,7;24,4;23,5
20-Jul-2021 02:50:00;28,1;20,7;24,6;24,3;23,6
20-Jul-2021 02:55:00;28,2;20,7;24,6;24,2;23,4
20-Jul-2021 03:00:00;27,9;20,8;24,5;24,2;23,5
20-Jul-2021 03:05:00;28,1;20,8;24,5;24,2;23,5
20-Jul-2021 03:10:00;28;20,7;24,4;24,2;23,6
20-Jul-2021 03:15:00;27,8;20,6;24,4;24,2;23,4
20-Jul-2021 03:20:00;28,1;20,6;24,4;24,1;23,5
20-Jul-2021 03:25:00;27,8;20,6;24,4;24,1;23,5
20-Jul-2021 03:30:00;27,7;20,6;24,3;24;23,4
20-Jul-2021 03:35:00;27,6;20,5;24,3;24;23,3
20-Jul-2021 03:40:00;27,6;20,5;24,4;24;23,3
20-Jul-2021 03:45:00;27,7;20,6;24,5;24;23,5
20-Jul-2021 03:50:00;27,6;20,5;24,5;23,9;23,4
20-Jul-2021 03:55:00;27,7;20,4;24,5;23,9;23,4
20-Jul-2021 04:00:00;27,7;20,6;24,5;23,9;23,4
20-Jul-2021 04:05:00;27,7;20,4;24,4;23,9;23,4
20-Jul-2021 04:10:00;27,6;20,5;24,4;23,8;23,4
20-Jul-2021 04:15:00;27,6;20,6;24,4;23,8;23,5
20-Jul-2021 04:20:00;27,6;20,4;24,4;23,7;23,3
20-Jul-2021 04:25:00;27,7;20,4;24,4;23,7;23,3
20-Jul-2021 04:30:00;27,6;20,5;24,3;23,7;23,3
20-Jul-2021 04:35:00;27,6;20,4;24,3;23,7;23,2
20-Jul-2021 04:40:00;27,5;20,5;24,3;23,6;23,2
20-Jul-2021 04:45:00;27,6;20,4;24,2;23,6;23,3
20-Jul-2021 04:50:00;27,4;20,3;24,3;23,6;23,3
20-Jul-2021 04:55:00;27,4;20,5;24,2;23,6;23,3
20-Jul-2021 05:00:00;27,3;20,4;24,2;23,6;23,2
20-Jul-2021 05:05:00;27,3;20,5;24,2;23,5;23,1
20-Jul-2021 05:10:00;27,4;20,4;24,2;23,5;23,1
20-Jul-2021 05:15:00;27,4;20,2;24,3;23,5;23,1
20-Jul-2021 05:20:00;27,4;20,3;24,3;23,5;23,1
20-Jul-2021 05:25:00;27,3;20,3;24,3;23,5;23
20-Jul-2021 05:30:00;27,4;20,3;24,3;23,4;23,1
20-Jul-2021 05:35:00;27,3;20,3;24,2;23,4;23
20-Jul-2021 05:40:00;27,3;20,3;24,2;23,3;23,1
20-Jul-2021 05:45:00;27;20,2;24,2;23,3;22,9
20-Jul-2021 05:50:00;27;20,2;24,2;23,2;23,1
20-Jul-2021 05:55:00;27;20,1;24,2;23,1;23
20-Jul-2021 06:00:00;27,1;20,2;24,2;23,1;23
20-Jul-2021 06:05:00;27,1;20,1;24,2;23,1;22,9
20-Jul-2021 06:10:00;27,1;20,2;24,2;23,1;23
20-Jul-2021 06:15:00;27,1;20,2;24,2;23,2;23
20-Jul-2021 06:20:00;27;20,1;24,2;23,2;23,1
20-Jul-2021 06:25:00;27;20,3;24,2;23,1;23
20-Jul-2021 06:30:00;27,1;20,3;24,3;23,1;23,1
20-Jul-2021 06:35:00;27;20,1;24,3;23;22,9
20-Jul-2021 06:40:00;27;20;24,3;23;22,9
20-Jul-2021 06:45:00;26,9;20;24,3;22,9;22,9
20-Jul-2021 06:50:00;27;20;24,3;23;22,9
20-Jul-2021 06:55:00;26,9;20,1;24,2;22,9;22,8
20-Jul-2021 07:00:00;26,9;20;24,3;22,9;22,9
20-Jul-2021 07:05:00;26,9;20;24,3;22,8;22,8
20-Jul-2021 07:10:00;26,9;19,9;24,3;22,8;22,7
20-Jul-2021 07:15:00;26,8;20;24,2;22,7;22,8
20-Jul-2021 07:20:00;26,9;19,9;24,2;22,7;22,8
20-Jul-2021 07:25:00;26,9;19,8;24,1;22,7;23,1
20-Jul-2021 07:30:00;26,9;19,9;24,1;22,6;23,2
20-Jul-2021 07:35:00;26,8;19,9;24,1;22,6;23,3
20-Jul-2021 07:40:00;27,1;20,1;24,1;22,6;23,2
20-Jul-2021 07:45:00;27,1;20,1;24,2;22,6;23,2
20-Jul-2021 07:50:00;27,2;20,1;24,1;22,6;23,3
20-Jul-2021 07:55:00;26,9;20,1;24,2;22,6;23,3
20-Jul-2021 08:00:00;27,2;20,2;24,2;22,6;23,3
20-Jul-2021 08:05:00;27,1;20,2;24,1;22,6;23,4
20-Jul-2021 08:10:00;27,3;20,3;24;22,6;23,5
20-Jul-2021 08:15:00;27,3;20,4;23,9;22,7;23,5
20-Jul-2021 08:20:00;27,4;20,4;24,1;22,7;23,5
20-Jul-2021 08:25:00;27,4;20,5;24,1;22,7;23,6
20-Jul-2021 08:30:00;27,4;20,5;23,9;22,8;23,7
20-Jul-2021 08:35:00;27,4;20,6;24;22,8;23,7
20-Jul-2021 08:40:00;27,4;20,8;24,1;22,8;23,7
20-Jul-2021 08:45:00;27,4;20,8;24,2;23;23,8
20-Jul-2021 08:50:00;27,5;20,9;24,2;23,2;23,8
20-Jul-2021 08:55:00;27,5;21;24,2;23,3;23,8
20-Jul-2021 09:00:00;27,5;21;24,2;23,5;23,9
20-Jul-2021 09:05:00;27,5;21,1;24,3;23,5;23,8
20-Jul-2021 09:10:00;27,5;21,2;24,4;23,7;23,9
20-Jul-2021 09:15:00;27,5;21,1;24,5;23,7;23,8
20-Jul-2021 09:20:00;27,5;21,2;24,4;23,9;23,9
20-Jul-2021 09:25:00;27,5;21,2;24,4;24,1;23,9
20-Jul-2021 09:30:00;27,6;21,3;24,4;24,2;23,9
20-Jul-2021 09:35:00;27,5;21,3;24,4;24,2;23,9
20-Jul-2021 09:40:00;27,5;21,4;24,3;24,4;23,9
20-Jul-2021 09:45:00;27,5;21,4;24,3;24,4;24
20-Jul-2021 09:50:00;27,5;21,4;24,4;24,3;24
20-Jul-2021 09:55:00;27,5;21,4;24,4;24,5;24
20-Jul-2021 10:00:00;27,6;21,5;24,5;24,4;24
20-Jul-2021 10:05:00;27,6;21,6;24,7;24,5;24
20-Jul-2021 10:10:00;27,6;21,6;24,7;24,6;24
20-Jul-2021 10:15:00;27,6;21,7;24,7;24,7;24,1
20-Jul-2021 10:20:00;27,6;21,7;24,6;24,7;24,1
20-Jul-2021 10:25:00;27,6;21,8;24,7;24,7;24,2
20-Jul-2021 10:30:00;27,6;21,8;24,7;24,8;24,2
20-Jul-2021 10:35:00;27,6;21,7;24,7;24,7;24,1
20-Jul-2021 10:40:00;27,6;21,8;24,7;24,6;24,1
20-Jul-2021 10:45:00;27,6;21,7;24,7;24,5;24,2
20-Jul-2021 10:50:00;27,6;21,8;24,7;24,4;24,2
20-Jul-2021 10:55:00;27,6;21,8;24,7;24,5;24,2
20-Jul-2021 11:00:00;27,7;21,8;24,7;24,7;24,2
20-Jul-2021 11:05:00;27,7;21,8;24,7;24,7;24,2
20-Jul-2021 11:10:00;27,7;21,8;24,8;24,8;24,2
20-Jul-2021 11:15:00;27,7;21,7;24,7;24,8;24,2
20-Jul-2021 11:20:00;27,7;21,7;24,7;24,8;24,2
20-Jul-2021 11:25:00;27,6;21,8;25;24,9;24,2
20-Jul-2021 11:30:00;27,7;21,7;24,9;24,9;24,1
20-Jul-2021 11:35:00;27,7;21,7;24,9;25;24,2
20-Jul-2021 11:40:00;27,7;21,8;24,9;25,2;24,2
20-Jul-2021 11:45:00;27,7;21,8;24,9;25,3;24,2
20-Jul-2021 11:50:00;27,7;21,8;25;25,4;24,2
20-Jul-2021 11:55:00;27,7;21,8;25;25,4;24,2
20-Jul-2021 12:00:00;27,6;21,8;25;25,5;24,2
20-Jul-2021 12:05:00;27,6;21,9;25,3;25,5;24,3
20-Jul-2021 12:10:00;27,7;21,8;25,2;25,6;24,3
20-Jul-2021 12:15:00;27,6;21,8;25;25,6;24,3
20-Jul-2021 12:20:00;27,6;21,8;25,3;25,8;24,3
20-Jul-2021 12:25:00;27,7;21,9;25,3;25,9;24,3
20-Jul-2021 12:30:00;27,7;21,9;25,2;26,1;24,3
20-Jul-2021 12:35:00;27,7;21,9;25,3;26,1;24,3
20-Jul-2021 12:40:00;27,7;21,9;25,4;26,1;24,3
20-Jul-2021 12:45:00;27,7;21,9;25,4;26,2;24,2
20-Jul-2021 12:50:00;27,6;22;25,3;26,2;24,2
20-Jul-2021 12:55:00;27,7;22;25,4;26,2;24,4
20-Jul-2021 13:00:00;27,7;22;25,8;26,2;24,4
20-Jul-2021 13:05:00;27,7;21,9;25,7;26,1;24,3
20-Jul-2021 13:10:00;27,7;22;25,7;26,2;24,4
20-Jul-2021 13:15:00;27,7;22,1;25,5;26,1;24,3
20-Jul-2021 13:20:00;27,7;22;25,3;26,1;24,4
20-Jul-2021 13:25:00;27,7;22;25,7;26,3;24,4
20-Jul-2021 13:30:00;27,7;22;25,5;26,5;24,4
20-Jul-2021 13:35:00;27,7;22;25,5;26,6;24,4
20-Jul-2021 13:40:00;27,7;22;25,7;26,5;24,4
20-Jul-2021 13:45:00;27,7;22;25,9;26,4;24,3
20-Jul-2021 13:50:00;27,8;22;25,8;26,4;24,3
20-Jul-2021 13:55:00;27,7;22,1;26;26,5;24,4
20-Jul-2021 14:00:00;27,7;22,1;26;26,8;24,4
20-Jul-2021 14:05:00;27,7;22,2;26;26,8;24,4
20-Jul-2021 14:10:00;27,7;22,2;26;27;24,4
20-Jul-2021 14:15:00;27,7;22,2;26,4;27;24,3
20-Jul-2021 14:20:00;27,7;22,2;26,2;27,1;24,4
20-Jul-2021 14:25:00;27,7;22,2;26,3;27;24,5
20-Jul-2021 14:30:00;27,7;22,2;26,3;26,9;24,7
20-Jul-2021 14:35:00;27,7;22,2;26,6;26,7;24,7
20-Jul-2021 14:40:00;27,7;22,2;26,5;26,7;24,6
20-Jul-2021 14:45:00;27,7;22,3;26,5;26,9;24,7
20-Jul-2021 14:50:00;27,7;22,4;26,2;27,1;24,7
20-Jul-2021 14:55:00;27,7;22,3;26,2;27,3;24,7
20-Jul-2021 15:00:00;27,7;22,3;26,5;27,5;24,6
20-Jul-2021 15:05:00;27,7;22,4;26,3;27,6;24,6
20-Jul-2021 15:10:00;27,7;22,4;26,3;27,6;24,7
20-Jul-2021 15:15:00;27,8;22,4;26,3;27,6;24,8
20-Jul-2021 15:20:00;27,7;22,5;26,2;27,7;25,1
20-Jul-2021 15:25:00;27,7;22,5;26,6;27,7;24,8
20-Jul-2021 15:30:00;27,7;22,7;26,4;27,9;24,8
20-Jul-2021 15:35:00;27,7;22,7;26,4;28;24,9
20-Jul-2021 15:40:00;27,8;22,7;26,5;28,1;24,9
20-Jul-2021 15:45:00;27,7;22,7;26,6;28,3;24,9
20-Jul-2021 15:50:00;27,7;22,6;26,7;28,4;24,9
20-Jul-2021 15:55:00;27,6;22,6;26,7;28,4;24,9
20-Jul-2021 16:00:00;28,1;22,6;26,3;28,2;24,9
20-Jul-2021 16:05:00;27,9;22,6;26,2;28,2;24,8
20-Jul-2021 16:10:00;27,7;22,6;26,4;28,2;24,9
20-Jul-2021 16:15:00;27,6;22,6;26,4;28,3;24,9
20-Jul-2021 16:20:00;27,6;22,6;26,6;28,3;25,1
20-Jul-2021 16:25:00;27,6;22,6;26,7;28,4;25
20-Jul-2021 16:30:00;27,6;22,7;26,6;28,4;24,9
20-Jul-2021 16:35:00;27,7;22,8;26,5;28,5;24,8
20-Jul-2021 16:40:00;27,6;22,7;26,4;28,6;24,9
20-Jul-2021 16:45:00;27,6;22,7;26,5;28,6;24,9
20-Jul-2021 16:50:00;27,7;22,7;26,6;28,7;25
20-Jul-2021 16:55:00;27,6;22,7;26,5;28,6;25
20-Jul-2021 17:00:00;27,6;22,7;26,6;28,5;24,9
20-Jul-2021 17:05:00;27,6;22,7;26,6;28,6;24,9
20-Jul-2021 17:10:00;27,6;22,7;26,4;28,6;24,9
20-Jul-2021 17:15:00;27,6;22,8;26,6;28,7;24,9
20-Jul-2021 17:20:00;27,6;22,7;26,8;28,8;24,9
20-Jul-2021 17:25:00;27,6;22,7;26,4;28,8;25
20-Jul-2021 17:30:00;27,6;22,8;26,3;28,9;25
20-Jul-2021 17:35:00;27,6;22,7;26,3;29;24,9
20-Jul-2021 17:40:00;27,7;22,8;26,2;29;24,8
20-Jul-2021 17:45:00;27,7;22,8;26,3;29,2;24,8
20-Jul-2021 17:50:00;27,6;22,9;26,2;29,2;24,8
20-Jul-2021 17:55:00;27,6;22,8;26,4;29;24,9
20-Jul-2021 18:00:00;27,5;22,8;26,6;29,1;24,9
20-Jul-2021 18:05:00;27,7;22,9;26,5;29,3;24,9
20-Jul-2021 18:10:00;28,8;22,9;26,3;29,3;24,9
20-Jul-2021 18:15:00;29;22,9;26,3;29,3;24,9
20-Jul-2021 18:20:00;28,2;22,8;26,7;29,5;24,9
20-Jul-2021 18:25:00;27,9;22,8;26,5;29,5;24,9
20-Jul-2021 18:30:00;28;22,9;26,5;29,5;24,9
20-Jul-2021 18:35:00;27,8;22,9;26,4;29,5;25
20-Jul-2021 18:40:00;27,4;22,9;26,5;29,6;24,9
20-Jul-2021 18:45:00;27,6;22,9;26,5;29,8;24,9
20-Jul-2021 18:50:00;27,7;22,9;26,6;29,8;24,9
20-Jul-2021 18:55:00;27,8;22,9;26,5;29,6;24,9
20-Jul-2021 19:00:00;27,9;22,9;26,2;29,7;24,8
20-Jul-2021 19:05:00;27,9;22,9;26,1;29,8;24,8
20-Jul-2021 19:10:00;27,8;22,9;26,2;29,8;24,8
20-Jul-2021 19:15:00;27,8;22,9;26,3;29,8;24,8
20-Jul-2021 19:20:00;27,6;22,9;26,1;29,9;24,8
20-Jul-2021 19:25:00;27,8;22,9;26,1;29,8;24,9
20-Jul-2021 19:30:00;27,8;22,9;26,3;29,8;24,9
20-Jul-2021 19:35:00;28;22,9;26,3;29,8;24,9
20-Jul-2021 19:40:00;27,9;22,9;26,2;29,9;24,8
20-Jul-2021 19:45:00;28;22,9;26,1;30,1;24,9
20-Jul-2021 19:50:00;27,9;22,8;26,1;30,2;24,9
20-Jul-2021 19:55:00;27,7;22,9;26,2;30,3;24,9
20-Jul-2021 20:00:00;27,9;22,9;26,3;30,2;24,8
20-Jul-2021 20:05:00;28;22,9;26,4;30,2;24,8
20-Jul-2021 20:10:00;27,7;22,9;26,5;30,2;24,8
20-Jul-2021 20:15:00;27,7;22,9;26,3;30,2;24,8
20-Jul-2021 20:20:00;27,8;22,9;26,4;30,3;24,8
20-Jul-2021 20:25:00;27,8;22,9;26,4;30,4;24,8
20-Jul-2021 20:30:00;27,7;22,9;26,4;30,5;24,8
20-Jul-2021 20:35:00;27,7;22,8;26,3;30,4;24,8
20-Jul-2021 20:40:00;27,8;22,9;26,2;30,4;24,8
20-Jul-2021 20:45:00;27,8;22,9;26,3;30,4;24,7
20-Jul-2021 20:50:00;27,8;22,9;26,2;30,5;24,7
20-Jul-2021 20:55:00;28;22,9;26,2;30,5;24,7
20-Jul-2021 21:00:00;27,7;22,9;26,1;30,4;24,7
20-Jul-2021 21:05:00;27,9;22,9;26,6;30,3;24,7
20-Jul-2021 21:10:00;27,8;22,9;27;30,2;24,7
20-Jul-2021 21:15:00;27,8;22,9;27,5;30,2;24,7
20-Jul-2021 21:20:00;28;23;27,2;30,1;24,7
20-Jul-2021 21:25:00;28;23;26,9;30;24,7
20-Jul-2021 21:30:00;28;23;26,7;30;24,7
20-Jul-2021 21:35:00;28;23,1;27,4;29,9;24,7
20-Jul-2021 21:40:00;28;23;27,5;29,7;24,7
20-Jul-2021 21:45:00;27,9;23,1;27,7;29,6;24,7
20-Jul-2021 21:50:00;28;23,2;27,2;29,5;24,7
20-Jul-2021 21:55:00;27,9;23;27,4;29,4;24,7
20-Jul-2021 22:00:00;27,9;23;27,6;29,3;24,7
20-Jul-2021 22:05:00;27,9;23;27,7;29,1;24,7
20-Jul-2021 22:10:00;28;22,9;27,4;29;24,7
20-Jul-2021 22:15:00;28;22,8;27,2;28,9;24,6
20-Jul-2021 22:20:00;27,9;22,9;27;28,8;24,7
20-Jul-2021 22:25:00;28;22,8;26,9;28,7;24,6
20-Jul-2021 22:30:00;28,1;22,8;26,9;28,6;24,6
20-Jul-2021 22:35:00;28,1;22,8;26,8;28,5;24,6
20-Jul-2021 22:40:00;28,1;22,8;26,8;28,5;24,6
20-Jul-2021 22:45:00;28,1;22,7;26,6;28,3;24,6
20-Jul-2021 22:50:00;28,1;22,7;26,5;28,3;24,5
20-Jul-2021 22:55:00;28,1;22,7;26,6;28,2;24,5
20-Jul-2021 23:00:00;28,1;22,7;26,6;28,2;24,5
20-Jul-2021 23:05:00;28;22,7;26,6;28,2;24,5
20-Jul-2021 23:10:00;28,1;22,6;26,5;28,2;24,5
20-Jul-2021 23:15:00;28,1;22,6;26,5;28,1;24,5
20-Jul-2021 23:20:00;28,1;22,6;26,4;28,1;24,5
20-Jul-2021 23:25:00;28,1;22,6;26,5;28;24,5
20-Jul-2021 23:30:00;28,3;22,5;26,4;27,9;24,4
20-Jul-2021 23:35:00;28,3;22,5;26,3;27,9;24,4
20-Jul-2021 23:40:00;28,4;22,5;26,3;27,8;24,4
20-Jul-2021 23:45:00;28,4;22,5;26,2;27,8;24,4
20-Jul-2021 23:50:00;28,4;22,5;26,2;27,8;24,3
20-Jul-2021 23:55:00;28,4;22,4;26,1;27,7;24,3
21-Jul-2021 00:00:00;28,5;22,4;26,1;27,6;24,3
21-Jul-2021 00:05:00;28,5;22,4;25,9;27,6;24,3
21-Jul-2021 00:10:00;28,5;22,4;25,7;27,5;24,2
21-Jul-2021 00:15:00;28,6;22,3;25,6;27,5;24,2
21-Jul-2021 00:20:00;28,4;22,3;25,6;27,4;24,2
21-Jul-2021 00:25:00;28,5;22,3;25,6;27,3;24,1
21-Jul-2021 00:30:00;28,4;22,3;25,6;27,2;24,1
21-Jul-2021 00:35:00;28,4;22,2;25,6;27,2;24,1
21-Jul-2021 00:40:00;28,4;22,3;25,6;27,1;24,1
21-Jul-2021 00:45:00;28,6;22,2;25,5;27,1;24,1
21-Jul-2021 00:50:00;28,5;22,2;25,5;27;24,1
21-Jul-2021 00:55:00;28,6;22,2;25,5;27;24
21-Jul-2021 01:00:00;28,6;22,1;25,5;27;24
21-Jul-2021 01:05:00;28,6;22,1;25,4;26,9;24
21-Jul-2021 01:10:00;28,6;22,1;25,3;26,8;24
21-Jul-2021 01:15:00;28,6;22,1;25,2;26,8;24
21-Jul-2021 01:20:00;28,6;22;25,2;26,8;24
21-Jul-2021 01:25:00;28,6;22,1;25,2;26,8;23,9
21-Jul-2021 01:30:00;28,6;22;25,1;26,8;23,9
21-Jul-2021 01:35:00;28,6;22,1;25,2;26,7;23,9
21-Jul-2021 01:40:00;28,6;22;25,1;26,6;23,9
21-Jul-2021 01:45:00;28,6;22;25,2;26,7;23,9
21-Jul-2021 01:50:00;28,6;21,9;25,2;26,6;23,9
21-Jul-2021 01:55:00;28,6;22;25,2;26,7;23,8
21-Jul-2021 02:00:00;28,5;21,9;25,2;26,6;23,9
21-Jul-2021 02:05:00;28,4;21,9;25,2;26,5;23,9
21-Jul-2021 02:10:00;28,4;21,9;25,1;26,4;23,8
21-Jul-2021 02:15:00;28,5;21,9;25,1;26,4;23,8
21-Jul-2021 02:20:00;28,4;21,9;25,1;26,5;23,8
21-Jul-2021 02:25:00;28,4;21,8;25;26,4;23,8
21-Jul-2021 02:30:00;28,4;21,8;25;26,4;23,8
21-Jul-2021 02:35:00;28,5;21,8;24,9;26,4;23,8
21-Jul-2021 02:40:00;28,4;21,8;24,9;26,3;23,8
21-Jul-2021 02:45:00;28,4;21,8;24,9;26,2;23,8
21-Jul-2021 02:50:00;28,5;21,8;24,9;26,3;23,7
21-Jul-2021 02:55:00;28,5;21,8;24,9;26,3;23,7
21-Jul-2021 03:00:00;28,5;21,7;25;26,2;23,7
21-Jul-2021 03:05:00;28,5;21,7;25;26,2;23,7
21-Jul-2021 03:10:00;28,5;21,8;25;26,3;23,7
21-Jul-2021 03:15:00;28,6;21,7;24,9;26,1;23,7
21-Jul-2021 03:20:00;28,7;21,7;24,9;26,1;23,7
21-Jul-2021 03:25:00;28,6;21,7;24,9;26,1;23,7
21-Jul-2021 03:30:00;28,7;21,7;24,9;26;23,5
21-Jul-2021 03:35:00;28,6;21,7;25;26;23,6
21-Jul-2021 03:40:00;28,9;21,7;24,8;26;23,6
21-Jul-2021 03:45:00;28,5;21,7;24,8;26;23,6
21-Jul-2021 03:50:00;28,6;21,7;24,7;26;23,6
21-Jul-2021 03:55:00;28,9;21,7;24,7;25,9;23,5
21-Jul-2021 04:00:00;28,6;21,6;24,7;25,8;23,6
21-Jul-2021 04:05:00;28,5;21,7;24,7;25,8;23,6
21-Jul-2021 04:10:00;28,3;21,6;24,7;25,8;23,6
21-Jul-2021 04:15:00;28,5;21,6;24,7;25,7;23,6
21-Jul-2021 04:20:00;28,4;21,6;24,7;25,7;23,6
21-Jul-2021 04:25:00;28,4;21,6;24,7;25,7;23,6
21-Jul-2021 04:30:00;28,3;21,6;24,7;25,6;23,5
21-Jul-2021 04:35:00;28,3;21,5;24,7;25,6;23,5
21-Jul-2021 04:40:00;28,3;21,5;24,7;25,4;23,5
21-Jul-2021 04:45:00;28,4;21,6;24,7;25,4;23,5
21-Jul-2021 04:50:00;28,1;21,5;24,6;25,4;23,5
21-Jul-2021 04:55:00;28;21,6;24,6;25,3;23,4
21-Jul-2021 05:00:00;28;21,5;24,5;25,3;23,1
21-Jul-2021 05:05:00;28,1;21,6;24,5;25,2;23,2
21-Jul-2021 05:10:00;27,9;21,5;24,5;25,2;23,2
21-Jul-2021 05:15:00;28,1;21,5;24,5;25,2;23,2
21-Jul-2021 05:20:00;28,1;21,5;24,5;25,2;23,1
21-Jul-2021 05:25:00;28;21,5;24,4;25,2;23,1
21-Jul-2021 05:30:00;27,8;21,5;24,4;25,1;23,2
21-Jul-2021 05:35:00;27,8;21,5;24,4;25;23,1
21-Jul-2021 05:40:00;27,7;21,4;24,5;24,9;23,2
21-Jul-2021 05:45:00;27,7;21,4;24,5;24,9;23,1
21-Jul-2021 05:50:00;27,6;21,4;24,5;24,9;22,9
21-Jul-2021 05:55:00;27,7;21,3;24,5;24,9;23,2
21-Jul-2021 06:00:00;27,5;21,3;24,5;24,8;23,1
21-Jul-2021 06:05:00;27,6;21,3;24,4;24,8;23,1
21-Jul-2021 06:10:00;27,6;21,3;24,4;24,8;23,1
21-Jul-2021 06:15:00;27,5;21,3;24,4;24,8;23,1
21-Jul-2021 06:20:00;27,5;21,2;24,4;24,7;22,9
21-Jul-2021 06:25:00;27,5;21,2;24,4;24,6;23,1
21-Jul-2021 06:30:00;27,5;21,2;24,3;24,5;23
21-Jul-2021 06:35:00;27,4;21,2;24,3;24,5;23
21-Jul-2021 06:40:00;27,9;21,1;24,3;24,5;23,1
21-Jul-2021 06:45:00;28,1;21,1;24,3;24,5;23,1
21-Jul-2021 06:50:00;27,8;21,1;24,3;24,5;23
21-Jul-2021 06:55:00;28;21,1;24,2;24,5;22,8
21-Jul-2021 07:00:00;28;21,1;24,2;24,5;22,9
21-Jul-2021 07:05:00;27,9;21,1;24,3;24,5;23
21-Jul-2021 07:10:00;27,9;21;24,2;24,5;23,1
21-Jul-2021 07:15:00;27,7;21;24,2;24,4;23,1
21-Jul-2021 07:20:00;27,8;21;24,2;24,3;23
21-Jul-2021 07:25:00;27,8;21,1;24,4;24,3;23
21-Jul-2021 07:30:00;27,6;21;24,3;24,3;23,1
21-Jul-2021 07:35:00;27,7;21;24,3;24,3;23,1
21-Jul-2021 07:40:00;27,8;21;24,3;24,3;23,2
21-Jul-2021 07:45:00;27,9;21;24,3;24,2;23,1
21-Jul-2021 07:50:00;27,8;21;24,2;24,2;23,1
21-Jul-2021 07:55:00;27,6;21,1;24,2;24,2;23,2
21-Jul-2021 08:00:00;27,4;21,1;24,2;24,1;23,3
21-Jul-2021 08:05:00;27,3;21,1;24,2;24,1;23,4
21-Jul-2021 08:10:00;27,3;21,1;24,2;24,1;23,4
21-Jul-2021 08:15:00;27,3;21,1;24,2;24,1;23,5
21-Jul-2021 08:20:00;27,3;21,2;24,3;24,2;23,6
21-Jul-2021 08:25:00;27,3;21,2;24,3;24,2;23,7
21-Jul-2021 08:30:00;27,1;21,3;24,3;24,3;23,8
21-Jul-2021 08:35:00;27,1;21,4;24,3;24,3;23,8
21-Jul-2021 08:40:00;27,1;21,4;24,4;24,5;23,9
21-Jul-2021 08:45:00;27,1;21,5;24,4;24,5;23,9
21-Jul-2021 08:50:00;27,1;21,5;24,5;24,7;23,9
21-Jul-2021 08:55:00;27,1;21,6;24,6;24,8;24
21-Jul-2021 09:00:00;27,1;21,6;24,6;24,9;24
21-Jul-2021 09:05:00;27,1;21,6;24,6;25;24
21-Jul-2021 09:10:00;27,4;21,7;24,6;25,1;24,1
21-Jul-2021 09:15:00;27,8;21,8;24,7;25,3;24,1
21-Jul-2021 09:20:00;27,7;21,8;24,7;25,5;24,1
21-Jul-2021 09:25:00;27,8;21,9;24,7;25,6;24,1
21-Jul-2021 09:30:00;27,8;21,8;24,8;25,8;24,1
21-Jul-2021 09:35:00;27,8;21,9;24,8;26;24,1
21-Jul-2021 09:40:00;27,9;21,9;24,9;26,1;24,1
21-Jul-2021 09:45:00;28;21,9;25,1;26,1;24,1
21-Jul-2021 09:50:00;28;21,9;25,2;26,2;24,1
21-Jul-2021 09:55:00;28;22;25,5;26,4;24,1
21-Jul-2021 10:00:00;28;22;25,4;26,5;24,1
21-Jul-2021 10:05:00;28,1;22;25,3;26,6;24,1
21-Jul-2021 10:10:00;28,1;22;25,5;26,6;24,1
21-Jul-2021 10:15:00;28,1;22;25,5;26,6;24,2
21-Jul-2021 10:20:00;28,1;22,1;25,5;26,5;24,2
21-Jul-2021 10:25:00;28,1;22,1;25,7;26,4;24,4
21-Jul-2021 10:30:00;28,1;22,1;25,8;26,4;24,3
21-Jul-2021 10:35:00;28,2;22,2;25,8;26,4;24,3
21-Jul-2021 10:40:00;28,1;22,3;25,8;26,4;24,3
21-Jul-2021 10:45:00;28,1;22,3;25,8;26,5;24,3
21-Jul-2021 10:50:00;28,1;22,3;25,9;26,5;24,3
21-Jul-2021 10:55:00;28,1;22,4;25,9;26,6;24,3
21-Jul-2021 11:00:00;28,1;22,3;26,1;26,5;24,3
21-Jul-2021 11:05:00;28,1;22,4;26,1;26,6;24,3
21-Jul-2021 11:10:00;28,1;22,4;26,2;26,7;24,4
21-Jul-2021 11:15:00;28,2;22,4;26,2;26,7;24,4
21-Jul-2021 11:20:00;28,2;22,4;26,3;26,9;24,4
21-Jul-2021 11:25:00;28,1;22,4;26,4;27;24,4
21-Jul-2021 11:30:00;28,2;22,4;26,5;27;24,4
21-Jul-2021 11:35:00;28,1;22,5;26,3;27,1;24,4
21-Jul-2021 11:40:00;28,1;22,4;26,6;27,2;24,5
21-Jul-2021 11:45:00;28,3;22,4;26,7;27,2;24,5
21-Jul-2021 11:50:00;28,2;22,4;26,6;27,2;24,4
21-Jul-2021 11:55:00;28,2;22,5;26,6;27,4;24,4
21-Jul-2021 12:00:00;28,2;22,4;26,4;27,6;24,5
21-Jul-2021 12:05:00;28,2;22,4;26,6;27,6;24,5
21-Jul-2021 12:10:00;28,2;22,4;26,7;27,7;24,4
21-Jul-2021 12:15:00;28,2;22,4;26,7;27,7;24,4
21-Jul-2021 12:20:00;28,2;22,4;26,5;27,7;24,5
21-Jul-2021 12:25:00;28,3;22,5;26,8;27,8;24,5
21-Jul-2021 12:30:00;28,3;22,5;26,9;27,9;24,5
21-Jul-2021 12:35:00;28,2;22,6;27,2;27,9;24,5
21-Jul-2021 12:40:00;28,2;22,6;27,1;28,1;24,5
21-Jul-2021 12:45:00;28,2;22,6;27,1;28,1;24,5
21-Jul-2021 12:50:00;28,2;22,6;26,9;28,2;24,5
21-Jul-2021 12:55:00;28,2;22,6;27,1;28,3;24,5
21-Jul-2021 13:00:00;28,2;22,7;26,9;28,3;24,6
21-Jul-2021 13:05:00;28,3;22,8;27,4;28,4;24,7
21-Jul-2021 13:10:00;28,2;22,7;27,2;28,4;24,7
21-Jul-2021 13:15:00;28,3;22,8;27,2;28,5;24,6
21-Jul-2021 13:20:00;28,2;22,9;27,3;28,6;24,6
21-Jul-2021 13:25:00;28,3;22,8;27,3;28,8;24,6
21-Jul-2021 13:30:00;28,2;22,9;27,5;28,9;24,6
21-Jul-2021 13:35:00;28,3;22,8;27,9;28,9;24,6
21-Jul-2021 13:40:00;28,3;22,9;27,6;28,9;24,6
21-Jul-2021 13:45:00;28,3;22,9;27,2;29,1;24,7
21-Jul-2021 13:50:00;28,3;22,9;27,8;29,1;24,6
21-Jul-2021 13:55:00;28,3;22,9;28,2;29,3;24,7
21-Jul-2021 14:00:00;28,3;23;28,4;29,4;24,7
21-Jul-2021 14:05:00;28,3;23;28,4;29,4;24,8
21-Jul-2021 14:10:00;28,3;22,9;28,2;29,5;24,9
21-Jul-2021 14:15:00;28,3;23;28,6;29,5;24,9
21-Jul-2021 14:20:00;28,3;23,1;28,7;29,6;25,1
21-Jul-2021 14:25:00;28,2;23,1;28,5;29,7;24,9
21-Jul-2021 14:30:00;28,2;23,1;28,7;29,7;24,9
21-Jul-2021 14:35:00;28,3;23,2;28,4;29,8;24,9
21-Jul-2021 14:40:00;28,3;23,4;28,8;29,9;24,9
21-Jul-2021 14:45:00;28,3;23,3;28,7;30,1;24,9
21-Jul-2021 14:50:00;28,2;23,4;28,2;30,1;24,9
21-Jul-2021 14:55:00;28,2;23,6;28,3;30,2;24,8
21-Jul-2021 15:00:00;28,3;23,5;28,6;30,1;25
21-Jul-2021 15:05:00;28,2;23,4;28,7;30,3;25
21-Jul-2021 15:10:00;28,3;23,3;28,8;30,4;25,4
21-Jul-2021 15:15:00;28,2;23,3;28,7;30,3;25,3
21-Jul-2021 15:20:00;28,1;23,4;29,1;30,2;25,1
21-Jul-2021 15:25:00;28,2;23,4;29,2;30,3;25,2
21-Jul-2021 15:30:00;28,1;23,5;28,7;30,5;25,1
21-Jul-2021 15:35:00;28,2;23,7;28,9;30,5;25,2
21-Jul-2021 15:40:00;28,1;23,6;29;30,6;25,3
21-Jul-2021 15:45:00;28,3;23,7;28,9;30,7;25,4
21-Jul-2021 15:50:00;28,3;23,8;29,1;30,9;25,7
21-Jul-2021 15:55:00;28;23,7;29;30,8;25,8
21-Jul-2021 16:00:00;27,8;23,8;29,1;30,8;25,7
21-Jul-2021 16:05:00;28,1;23,9;29,2;30,8;25,6
21-Jul-2021 16:10:00;27,5;24,1;29,1;30,9;25,4
21-Jul-2021 16:15:00;27,5;24,1;29;30,9;25,5
21-Jul-2021 16:20:00;27,6;24,2;29;30,8;25,6
21-Jul-2021 16:25:00;27,6;24,2;29;30,7;25,5
21-Jul-2021 16:30:00;27,6;24,2;29;30,7;25,5
21-Jul-2021 16:35:00;27,5;24,3;28,9;30,8;25,3
21-Jul-2021 16:40:00;27,6;24,3;28,8;30,8;25,3
21-Jul-2021 16:45:00;27,8;24,3;28,8;30,8;25,4
21-Jul-2021 16:50:00;27,7;24,2;28,9;30,8;25,5
21-Jul-2021 16:55:00;27,6;24,1;28,7;30,7;25,4
21-Jul-2021 17:00:00;27,6;24,2;28,8;30,7;25,4
21-Jul-2021 17:05:00;27,8;24,2;28,7;30,8;25,3
21-Jul-2021 17:10:00;27,9;24,2;28,7;30,8;25,3
21-Jul-2021 17:15:00;27,8;24,2;28,8;30,9;25,2
21-Jul-2021 17:20:00;27,9;24,2;28,7;30,8;25,4
21-Jul-2021 17:25:00;28;24,2;28,7;30,7;25,4
21-Jul-2021 17:30:00;28;24,2;28,7;30,8;25,6
21-Jul-2021 17:35:00;28,1;24,1;28,7;30,8;25,4
21-Jul-2021 17:40:00;28,1;24,1;28,7;30,8;25,4
21-Jul-2021 17:45:00;28,1;24,2;28,7;30,8;25,2
21-Jul-2021 17:50:00;28,1;24,2;28,8;30,9;25,2
21-Jul-2021 17:55:00;28,4;24,3;28,6;30,8;25,2
21-Jul-2021 18:00:00;28,2;24,3;28,5;30,8;25,1
21-Jul-2021 18:05:00;28,3;24,3;28,5;30,8;25,2
21-Jul-2021 18:10:00;28,3;24,2;28,5;30,8;25,2
21-Jul-2021 18:15:00;28,1;24,1;28,5;30,8;25,2
21-Jul-2021 18:20:00;28;24,1;28,4;30,9;25,3
21-Jul-2021 18:25:00;28;24,2;28,5;30,9;25,3
21-Jul-2021 18:30:00;28,1;24,2;28,5;31,2;25,3
21-Jul-2021 18:35:00;28;24,2;28,5;31,3;25,6
21-Jul-2021 18:40:00;28,1;24,2;28,5;31,1;25,5
21-Jul-2021 18:45:00;28,1;24,2;28,5;30,9;25,4
21-Jul-2021 18:50:00;28,1;24,4;28,5;30,8;25,3
21-Jul-2021 18:55:00;28,3;24,5;28,5;30,6;25,3
21-Jul-2021 19:00:00;28,1;24,5;28,6;30,8;25,4
21-Jul-2021 19:05:00;28,2;24,4;28,5;30,8;25,5
21-Jul-2021 19:10:00;28,3;24,4;28,4;30,6;25,4
21-Jul-2021 19:15:00;28,6;24,4;28,3;30,7;25,3
21-Jul-2021 19:20:00;28,4;24,4;28,5;30,7;25,3
21-Jul-2021 19:25:00;28,1;24,3;28,4;30,8;25,2
21-Jul-2021 19:30:00;28,4;24,3;28,4;30,6;25,2
21-Jul-2021 19:35:00;28,5;24,2;28,3;30,4;25,2
21-Jul-2021 19:40:00;28,4;24,1;28,4;30,5;25,2
21-Jul-2021 19:45:00;28,4;24;28,5;30,6;25,1
21-Jul-2021 19:50:00;28,4;24;28,3;30,7;25,1
21-Jul-2021 19:55:00;28,5;23,9;28,4;30,8;25,2
21-Jul-2021 20:00:00;28,4;23,8;28,4;30,9;25,2
21-Jul-2021 20:05:00;28,6;23,8;28,3;30,8;25,2
21-Jul-2021 20:10:00;28,4;23,8;28,4;30,9;25,2
21-Jul-2021 20:15:00;28,5;23,7;28,2;31,1;25,1
21-Jul-2021 20:20:00;28,6;23,7;28,2;31;25,1
21-Jul-2021 20:25:00;28,7;23,7;28,2;30,9;25,1
21-Jul-2021 20:30:00;28,6;23,7;28,1;30,9;25,1
21-Jul-2021 20:35:00;28,4;23,7;28;30,7;25,1
21-Jul-2021 20:40:00;28,6;23,7;27,9;30,7;25,1
21-Jul-2021 20:45:00;28,5;23,7;27,8;30,7;25,1
21-Jul-2021 20:50:00;28,5;23,6;27,9;30,7;25,1
21-Jul-2021 20:55:00;28,6;23,6;27,7;30,8;25,1
21-Jul-2021 21:00:00;28,6;23,6;27,5;30,8;25,1
21-Jul-2021 21:05:00;28,6;23,6;27,3;30,8;25,1
21-Jul-2021 21:10:00;28,6;23,5;27,2;30,7;25,1
21-Jul-2021 21:15:00;28,7;23,5;27,2;30,6;25,1
21-Jul-2021 21:20:00;28,6;23,5;27,1;30,7;25,1
21-Jul-2021 21:25:00;28,6;23,5;27,3;30,7;25,1
21-Jul-2021 21:30:00;28,8;23,5;27,4;30,6;25,1
21-Jul-2021 21:35:00;28,7;23,5;27,4;30,5;25,1
21-Jul-2021 21:40:00;28,8;23,5;27,3;30,5;25
21-Jul-2021 21:45:00;28,8;23,4;27,2;30,4;25,1
21-Jul-2021 21:50:00;28,9;23,4;27,2;30,2;25
21-Jul-2021 21:55:00;29;23,4;27,1;30,1;25
21-Jul-2021 22:00:00;29,1;23,4;27;29,9;25
21-Jul-2021 22:05:00;29,1;23,4;27,1;29,8;25
21-Jul-2021 22:10:00;28,9;23,3;27,1;29,7;25
21-Jul-2021 22:15:00;29;23,3;27,2;29,6;24,9
21-Jul-2021 22:20:00;29,1;23,3;27,2;29,5;24,9
21-Jul-2021 22:25:00;29,1;23,2;27,2;29,2;24,9
21-Jul-2021 22:30:00;29,1;23,3;27,2;29,2;24,9
21-Jul-2021 22:35:00;29,1;23,2;27,2;29,2;24,9
21-Jul-2021 22:40:00;29;23,2;27,1;29,2;24,8
21-Jul-2021 22:45:00;29;23,2;27;29,2;24,8
21-Jul-2021 22:50:00;29,1;23,2;27,1;29,2;24,8
21-Jul-2021 22:55:00;28,9;23,1;27;29,1;24,8
21-Jul-2021 23:00:00;29;23,2;26,9;29;24,8
21-Jul-2021 23:05:00;28,9;23,1;26,9;29;24,8
21-Jul-2021 23:10:00;29,2;23,1;26,9;28,9;24,7
21-Jul-2021 23:15:00;29;23;26,9;28,8;24,7
21-Jul-2021 23:20:00;29,1;23;27;28,7;24,7
21-Jul-2021 23:25:00;29;23,1;27,1;28,7;24,7
21-Jul-2021 23:30:00;29;23;26,9;28,6;24,7
21-Jul-2021 23:35:00;29;23;27;28,6;24,7
21-Jul-2021 23:40:00;28,9;23;27,1;28,5;24,7
21-Jul-2021 23:45:00;28,8;23;26,9;28,4;24,7
21-Jul-2021 23:50:00;28,9;22,9;26,8;28,3;24,7
21-Jul-2021 23:55:00;28,9;22,9;26,7;28,3;24,7
22-Jul-2021 00:00:00;28,8;22,9;26,8;28,2;24,6
22-Jul-2021 00:05:00;28,9;22,8;26,7;28,2;24,6
22-Jul-2021 00:10:00;28,9;22,8;26,7;28,2;24,6
22-Jul-2021 00:15:00;28,8;22,8;26,7;28,2;24,6
22-Jul-2021 00:20:00;28,9;22,8;26,7;28,1;24,6
22-Jul-2021 00:25:00;28,8;22,8;26,6;28,1;24,5
22-Jul-2021 00:30:00;28,9;22,7;26,4;28,1;24,5
22-Jul-2021 00:35:00;28,9;22,8;26,4;28,1;24,5
22-Jul-2021 00:40:00;28,9;22,6;26,4;28;24,5
22-Jul-2021 00:45:00;29;22,7;26,4;27,9;24,5
22-Jul-2021 00:50:00;29,1;22,6;26,3;27,9;24,5
22-Jul-2021 00:55:00;29,1;22,6;26,3;27,8;24,5
22-Jul-2021 01:00:00;29,1;22,5;26,3;27,8;24,5
22-Jul-2021 01:05:00;29,1;22,4;26,2;27,7;24,5
22-Jul-2021 01:10:00;29,1;22,4;26,2;27,7;24,4
22-Jul-2021 01:15:00;29,1;22,3;26,2;27,7;24,4
22-Jul-2021 01:20:00;29,1;22,4;26,2;27,6;24,4
22-Jul-2021 01:25:00;29,1;22,3;26,1;27,5;24,4
22-Jul-2021 01:30:00;29,1;22,3;26;27,6;24,5
22-Jul-2021 01:35:00;29,2;22,3;26;27,5;24,4
22-Jul-2021 01:40:00;29,1;22,4;26;27,5;24,4
22-Jul-2021 01:45:00;29,2;22,3;25,9;27,5;24,5
22-Jul-2021 01:50:00;29,3;22,3;25,9;27,4;24,4
22-Jul-2021 01:55:00;29,1;22,2;25,9;27,4;24,4
22-Jul-2021 02:00:00;29,1;22,2;25,9;27,4;24,4
22-Jul-2021 02:05:00;29,2;22,2;25,9;27,2;24,4
22-Jul-2021 02:10:00;29,3;22,2;26;27,3;24,3
22-Jul-2021 02:15:00;29,2;22,1;26;27,3;24,3
22-Jul-2021 02:20:00;29,3;22,1;25,9;27,2;24,3
22-Jul-2021 02:25:00;29,2;22,2;25,9;27,2;24,3
22-Jul-2021 02:30:00;29,2;22,2;25,9;27,1;24,3
22-Jul-2021 02:35:00;29,3;22,1;25,9;27,1;24,3
22-Jul-2021 02:40:00;29,3;22,1;25,8;27,1;24,3
22-Jul-2021 02:45:00;29,1;22;25,8;27;24,3
22-Jul-2021 02:50:00;29;22,1;25,8;27;24,2
22-Jul-2021 02:55:00;29,3;22,1;25,7;26,9;24,2
22-Jul-2021 03:00:00;29,3;22;25,7;26,9;24,2
22-Jul-2021 03:05:00;29,4;22;25,7;26,8;24,2
22-Jul-2021 03:10:00;29,4;21,9;25,6;26,8;24,2
22-Jul-2021 03:15:00;29,3;22,1;25,7;26,8;24,2
22-Jul-2021 03:20:00;29,4;21,9;25,6;26,8;24,2
22-Jul-2021 03:25:00;29,5;21,9;25,5;26,8;24,2
22-Jul-2021 03:30:00;29,4;21,9;25,7;26,7;24,2
22-Jul-2021 03:35:00;29,3;21,8;25,7;26,7;24,2
22-Jul-2021 03:40:00;29,1;21,8;25,7;26,7;24,2
22-Jul-2021 03:45:00;29,4;21,9;25,7;26,6;24,1
22-Jul-2021 03:50:00;29,3;21,8;25,7;26,6;24,2
22-Jul-2021 03:55:00;29,2;21,8;25,7;26,6;24,1
22-Jul-2021 04:00:00;29,4;21,8;25,7;26,6;24,1
22-Jul-2021 04:05:00;29,2;21,7;25,7;26,6;24,1
22-Jul-2021 04:10:00;29,2;21,7;25,6;26,5;24,1
22-Jul-2021 04:15:00;29,3;21,7;25,6;26,5;24,1
22-Jul-2021 04:20:00;29,1;21,6;25,6;26,5;24,1
22-Jul-2021 04:25:00;29,1;21,6;25,6;26,4;24,1
22-Jul-2021 04:30:00;29,2;21,6;25,6;26,4;24
22-Jul-2021 04:35:00;29,1;21,6;25,6;26,3;24
22-Jul-2021 04:40:00;29,1;21,6;25,5;26,3;24
22-Jul-2021 04:45:00;29,1;21,6;25,5;26,2;24
22-Jul-2021 04:50:00;29;21,6;25,4;26,1;23,9
22-Jul-2021 04:55:00;28,9;21,6;25,4;26;23,9
22-Jul-2021 05:00:00;28,9;21,6;25,3;25,9;23,9
22-Jul-2021 05:05:00;28,8;21,5;25,3;25,8;23,9
22-Jul-2021 05:10:00;28,8;21,5;25,3;25,9;23,8
22-Jul-2021 05:15:00;28,8;21,5;25,3;25,8;23,9
22-Jul-2021 05:20:00;28,8;21,5;25,3;25,8;23,8
22-Jul-2021 05:25:00;28,8;21,4;25,3;25,8;23,8
22-Jul-2021 05:30:00;28,7;21,4;25,3;25,8;23,8
22-Jul-2021 05:35:00;28,7;21,4;25,3;25,8;23,8
22-Jul-2021 05:40:00;28,7;21,3;25,3;25,8;23,9
22-Jul-2021 05:45:00;28,6;21,3;25,3;25,8;23,8
22-Jul-2021 05:50:00;28,7;21,3;25,2;25,8;23,8
22-Jul-2021 05:55:00;28,8;21,3;25,3;25,7;23,8
22-Jul-2021 06:00:00;28,6;21,2;25,3;25,6;23,8
22-Jul-2021 06:05:00;28,7;21,2;25,2;25,6;23,8
22-Jul-2021 06:10:00;28,7;21,3;25,2;25,6;23,8
22-Jul-2021 06:15:00;28,6;21,3;25,2;25,5;23,8
22-Jul-2021 06:20:00;28,5;21,3;25,2;25,5;23,8
22-Jul-2021 06:25:00;28,6;21,3;25,2;25,5;23,9
22-Jul-2021 06:30:00;28,5;21,2;25,1;25,5;23,8
22-Jul-2021 06:35:00;28,4;21,2;25,1;25,5;23,8
22-Jul-2021 06:40:00;28,3;21,1;25,1;25,4;23,9
22-Jul-2021 06:45:00;28,1;21,1;25,1;25,5;23,9
22-Jul-2021 06:50:00;28,1;21;25,1;25,5;23,9
22-Jul-2021 06:55:00;28,1;21;25,1;25,4;23,8
22-Jul-2021 07:00:00;28,2;21,1;25,1;25,2;23,8
22-Jul-2021 07:05:00;28,3;21,2;25,1;25,2;23,8
22-Jul-2021 07:10:00;28;21,1;25,1;25,2;23,8
22-Jul-2021 07:15:00;28,2;21;25;25,1;23,8
22-Jul-2021 07:20:00;28,1;21,2;24,9;25,1;23,9
22-Jul-2021 07:25:00;28,3;21,1;24,8;25,2;23,8
22-Jul-2021 07:30:00;28,1;21,2;24,9;25,2;23,9
22-Jul-2021 07:35:00;28,1;21,2;24,8;25,2;23,9
22-Jul-2021 07:40:00;28;21,2;24,7;25,2;23,9
22-Jul-2021 07:45:00;28,1;21,3;24,7;25,2;24
22-Jul-2021 07:50:00;28,1;21,4;24,7;25,3;24
22-Jul-2021 07:55:00;28,1;21,5;24,7;25,3;24,1
22-Jul-2021 08:00:00;28,1;21,5;24,8;25,3;24,2
22-Jul-2021 08:05:00;27,9;21,6;25;25,4;24,2
22-Jul-2021 08:10:00;28;21,7;25,1;25,4;24,3
22-Jul-2021 08:15:00;28,1;21,8;25,2;25,4;24,3
22-Jul-2021 08:20:00;28;21,9;25,4;25,5;24,4
22-Jul-2021 08:25:00;28,6;21,9;25,5;25,6;24,4
22-Jul-2021 08:30:00;28,6;22;25,5;25,7;24,4
22-Jul-2021 08:35:00;28,5;22;25,5;25,8;24,4
22-Jul-2021 08:40:00;28,3;22,1;25,6;25,9;24,5
22-Jul-2021 08:45:00;28,5;22,1;25,6;26;24,5
22-Jul-2021 08:50:00;28,6;22,2;25,6;26;24,5
22-Jul-2021 08:55:00;28,4;22,3;25,7;26,2;24,5
22-Jul-2021 09:00:00;28,6;22,3;25,7;26,3;24,5
22-Jul-2021 09:05:00;28,5;22,3;25,7;26,4;24,5
22-Jul-2021 09:10:00;28,5;22,3;25,7;26,5;24,5
22-Jul-2021 09:15:00;28,8;22,4;25,7;26,7;24,5
22-Jul-2021 09:20:00;28,6;22,4;25,7;26,8;24,6
22-Jul-2021 09:25:00;28,5;22,4;25,7;26,8;24,6
22-Jul-2021 09:30:00;28,8;22,4;25,7;26,9;24,7
22-Jul-2021 09:35:00;28,7;22,5;25,9;26,9;24,7
22-Jul-2021 09:40:00;28,5;22,6;26,2;26,9;24,7
22-Jul-2021 09:45:00;28,7;22,6;26,1;26,8;24,7
22-Jul-2021 09:50:00;28,8;22,6;26,3;27,4;24,7
22-Jul-2021 09:55:00;28,9;22,6;26,4;27,5;24,6
22-Jul-2021 10:00:00;28,8;22,6;26,3;27,6;24,6
22-Jul-2021 10:05:00;28,5;22,6;26,5;27,8;24,6
22-Jul-2021 10:10:00;28,7;22,6;26,5;27,8;24,7
22-Jul-2021 10:15:00;28,8;22,6;26,4;27,8;24,7
22-Jul-2021 10:20:00;28,8;22,8;26,2;27,7;24,7
22-Jul-2021 10:25:00;28,7;22,8;26,4;27,6;24,7
22-Jul-2021 10:30:00;28,6;22,9;26,2;27,5;24,7
22-Jul-2021 10:35:00;28,6;22,9;26,2;27,5;24,7
22-Jul-2021 10:40:00;28,6;23;26,3;27,5;24,7
22-Jul-2021 10:45:00;28,8;23;26,5;27,4;24,7
22-Jul-2021 10:50:00;28,7;23;26,5;27,6;24,7
22-Jul-2021 10:55:00;28,5;23;26,5;27,6;24,7
22-Jul-2021 11:00:00;28,7;22,9;26,7;27,7;24,7
22-Jul-2021 11:05:00;28,6;22,9;26,7;27,8;24,7
22-Jul-2021 11:10:00;28,7;22,9;26,6;27,9;24,7
22-Jul-2021 11:15:00;28,8;23;26,5;27,9;24,7
22-Jul-2021 11:20:00;28,8;22,9;26,6;28;24,7
22-Jul-2021 11:25:00;28,5;23;26,6;27,9;24,8
22-Jul-2021 11:30:00;28,6;23;26,7;28;24,7
22-Jul-2021 11:35:00;28,7;23;26,7;28;24,7
22-Jul-2021 11:40:00;28,7;23;26,9;28,1;24,8
22-Jul-2021 11:45:00;28,8;23,1;26,7;28,2;24,7
22-Jul-2021 11:50:00;28,8;23;26,7;28,4;24,8
22-Jul-2021 11:55:00;28,7;23;26,8;28,4;24,7
22-Jul-2021 12:00:00;28,6;23;26,8;28,5;24,8
22-Jul-2021 12:05:00;28,5;23,1;27,1;28,6;24,8
22-Jul-2021 12:10:00;28,5;23,1;27,1;28,7;24,8
22-Jul-2021 12:15:00;28,7;23;27,1;28,7;24,8
22-Jul-2021 12:20:00;28,7;23,1;27,4;28,8;24,8
22-Jul-2021 12:25:00;28,6;23,1;27,2;28,9;24,8
22-Jul-2021 12:30:00;28,5;23;27,5;29;24,9
22-Jul-2021 12:35:00;28,7;23,1;27,5;29;24,9
22-Jul-2021 12:40:00;28,6;23,1;27,4;29,2;24,9
22-Jul-2021 12:45:00;28,2;23,1;27,5;29,3;24,8
22-Jul-2021 12:50:00;28,3;23,1;27,3;29,4;24,9
22-Jul-2021 12:55:00;28,5;23,1;27,4;29,5;24,9
22-Jul-2021 13:00:00;28,6;23,1;27,9;29,5;24,9
22-Jul-2021 13:05:00;28,6;23,2;27,6;29,5;24,9
22-Jul-2021 13:10:00;28,4;23,2;27,7;29,6;24,9
22-Jul-2021 13:15:00;28,5;23,2;27,7;29,7;25
22-Jul-2021 13:20:00;28,5;23,2;27,6;29,7;24,9
22-Jul-2021 13:25:00;28,4;23,3;27,9;29,8;24,9
22-Jul-2021 13:30:00;28,4;23,3;28;29,8;25
22-Jul-2021 13:35:00;28,2;23,4;27,8;29,9;24,9
22-Jul-2021 13:40:00;28,2;23,3;27,9;30;24,9
22-Jul-2021 13:45:00;28,5;23,4;28;30;24,9
22-Jul-2021 13:50:00;28,2;23,4;27,9;30,1;25,1
22-Jul-2021 13:55:00;28,1;23,4;28,2;30,2;25,1
22-Jul-2021 14:00:00;28,3;23,4;28,4;30,3;25,1
22-Jul-2021 14:05:00;28,2;23,4;28,6;30,3;25,2
22-Jul-2021 14:10:00;28,1;23,4;28,5;30,4;25,3
22-Jul-2021 14:15:00;28,2;23,5;28,6;30,5;25,2
22-Jul-2021 14:20:00;28,4;23,4;28,2;30,4;25,1
22-Jul-2021 14:25:00;28,3;23,4;28,5;30,5;25,2
22-Jul-2021 14:30:00;28,3;23,4;28,3;30,6;25,2
22-Jul-2021 14:35:00;28,4;23,4;28,2;30,6;25,2
22-Jul-2021 14:40:00;28,2;23,4;28,2;30,5;25,2
22-Jul-2021 14:45:00;28,3;23,4;28,5;30,7;25,2
22-Jul-2021 14:50:00;28;23,4;28,4;30,8;25,2
22-Jul-2021 14:55:00;27,5;23,5;28,2;31;25,4
22-Jul-2021 15:00:00;27,7;23,4;28,2;31;25,3
22-Jul-2021 15:05:00;27,9;23,5;28,2;31;25,3
22-Jul-2021 15:10:00;27,9;23,5;28,6;31,1;25,3
22-Jul-2021 15:15:00;27,9;23,5;28,6;31,1;25,4
22-Jul-2021 15:20:00;28;23,6;28,5;31;25,4
22-Jul-2021 15:25:00;28;23,6;28,5;31;25,9
22-Jul-2021 15:30:00;28;23,7;28,5;31,1;25,8
22-Jul-2021 15:35:00;28,1;23,7;28,5;31,1;25,8
22-Jul-2021 15:40:00;28,1;23,7;29;31,2;25,6
22-Jul-2021 15:45:00;28,1;23,8;28,9;31,2;25,7
22-Jul-2021 15:50:00;28,1;23,8;28,7;31;25,6
22-Jul-2021 15:55:00;28,3;23,8;28,7;31,1;25,6
22-Jul-2021 16:00:00;28,1;23,8;29,1;31,2;25,6
22-Jul-2021 16:05:00;28;23,8;29,1;31,3;25,6
22-Jul-2021 16:10:00;27,9;23,9;29,1;31,4;25,5
22-Jul-2021 16:15:00;28;24,1;28,9;31,3;25,6
22-Jul-2021 16:20:00;28,1;24,1;28,6;31,3;25,6
22-Jul-2021 16:25:00;28,3;24,1;28,7;31,4;25,7
22-Jul-2021 16:30:00;27,9;24;28,7;31,5;25,7
22-Jul-2021 16:35:00;28;24;29;31,6;26
22-Jul-2021 16:40:00;28,1;24;28,8;31,6;25,9
22-Jul-2021 16:45:00;28;24;29;31,6;25,8
22-Jul-2021 16:50:00;28,1;24;29,2;31,7;25,7
22-Jul-2021 16:55:00;28,1;24;29,2;31,5;25,6
22-Jul-2021 17:00:00;28,1;24,1;29,2;31,5;25,6
22-Jul-2021 17:05:00;28,2;24,3;29,3;31,5;25,7
22-Jul-2021 17:10:00;28,2;24,3;29,1;31,5;25,8
22-Jul-2021 17:15:00;28,3;24,3;29,2;31,6;25,8
22-Jul-2021 17:20:00;28,2;24,3;29,1;31,6;25,7
22-Jul-2021 17:25:00;28,3;24,2;29;31,6;25,7
22-Jul-2021 17:30:00;28,3;24,2;29;31,8;25,7
22-Jul-2021 17:35:00;28,3;24,2;29;31,8;25,8
22-Jul-2021 17:40:00;28,3;24,3;29,2;31,7;25,8
22-Jul-2021 17:45:00;28,4;24,3;29,2;31,8;25,7
22-Jul-2021 17:50:00;28,4;24,4;29,2;31,7;25,6
22-Jul-2021 17:55:00;28,4;24,4;29,1;31,6;25,6
22-Jul-2021 18:00:00;28,4;24,5;29,1;31,6;25,7
22-Jul-2021 18:05:00;28,4;24,5;29,2;31,7;25,6
22-Jul-2021 18:10:00;28,4;24,5;29;31,9;25,5
22-Jul-2021 18:15:00;28,5;24,4;28,9;31,9;25,7
22-Jul-2021 18:20:00;28,4;24,3;28,9;32,2;25,7
22-Jul-2021 18:25:00;28,4;24,3;29;32,3;25,6
22-Jul-2021 18:30:00;28,5;24,4;28,9;32;25,5
22-Jul-2021 18:35:00;28,4;24,4;28,9;32,1;25,5
22-Jul-2021 18:40:00;28,5;24,5;29;31,7;25,5
22-Jul-2021 18:45:00;28,6;24,4;29,1;31,7;25,6
22-Jul-2021 18:50:00;28,6;24,5;29;31,7;25,5
22-Jul-2021 18:55:00;28,6;24,5;28,9;31,5;25,5
22-Jul-2021 19:00:00;28,6;24,5;28,9;31,6;25,5
22-Jul-2021 19:05:00;28,5;24,4;28,9;31,6;25,5
22-Jul-2021 19:10:00;28,6;24,4;29;31,8;25,5
22-Jul-2021 19:15:00;28,6;24,3;29,1;31,8;25,5
22-Jul-2021 19:20:00;28,6;24,3;29;31,8;25,6
22-Jul-2021 19:25:00;28,7;24,3;29;31,8;25,6
22-Jul-2021 19:30:00;28,7;24,3;29,1;31,6;25,5
22-Jul-2021 19:35:00;28,7;24,3;28,8;31,6;25,5
22-Jul-2021 19:40:00;28,8;24,3;28,8;31,8;25,6
22-Jul-2021 19:45:00;28,8;24,3;28,8;31,9;25,6
22-Jul-2021 19:50:00;28,9;24,2;28,7;32;25,6
22-Jul-2021 19:55:00;28,8;24,2;28,6;32,2;25,5
22-Jul-2021 20:00:00;28,8;24,2;28,7;32,3;25,5
22-Jul-2021 20:05:00;29;24,2;28,6;32,3;25,5
22-Jul-2021 20:10:00;29;24,2;28,8;32,4;25,5
22-Jul-2021 20:15:00;29,1;24,2;28,7;32,3;25,5
22-Jul-2021 20:20:00;29,1;24,2;28,6;32,3;25,5
22-Jul-2021 20:25:00;29,1;24,1;28,5;32,2;25,4
22-Jul-2021 20:30:00;29,1;24,1;28,4;32;25,4
22-Jul-2021 20:35:00;29,1;24,2;28,2;32,2;25,4
22-Jul-2021 20:40:00;29,2;24,3;28,2;32,2;25,4
22-Jul-2021 20:45:00;29,2;24,2;28,2;32,3;25,4
22-Jul-2021 20:50:00;29,2;24,3;28,1;32,2;25,4
22-Jul-2021 20:55:00;29,1;24,2;28;32,2;25,4
22-Jul-2021 21:00:00;29,2;24,3;27,9;32;25,4
22-Jul-2021 21:05:00;29,4;24,3;27,9;31,9;25,4
22-Jul-2021 21:10:00;29,2;24,3;27,8;31,8;25,4
22-Jul-2021 21:15:00;29,3;24,3;27,7;31,6;25,4
22-Jul-2021 21:20:00;29,4;24,3;27,7;31,4;25,4
22-Jul-2021 21:25:00;29,4;24,3;27,7;31,3;25,4
22-Jul-2021 21:30:00;29,4;24,3;27,6;31,1;25,4
22-Jul-2021 21:35:00;29,5;24,3;27,6;31;25,4
22-Jul-2021 21:40:00;29,5;24,3;27,5;30,9;25,4
22-Jul-2021 21:45:00;29,5;24,4;27,5;30,8;25,4
22-Jul-2021 21:50:00;29,5;24,3;27,6;30,7;25,4
22-Jul-2021 21:55:00;29,6;24,2;28,2;30,6;25,4
22-Jul-2021 22:00:00;29,5;24,2;27,9;30,5;25,4
22-Jul-2021 22:05:00;29,6;24,1;27,7;30,5;25,4
22-Jul-2021 22:10:00;29,4;24,1;27,6;30,4;25,4
22-Jul-2021 22:15:00;29,4;24,1;27,5;30,4;25,4
22-Jul-2021 22:20:00;29,5;24;27,5;30,3;25,4
22-Jul-2021 22:25:00;29,6;24;27,5;30,2;25,3
22-Jul-2021 22:30:00;29,6;24;27,4;30,1;25,4
22-Jul-2021 22:35:00;29,6;24;27,4;30,1;25,3
22-Jul-2021 22:40:00;29,4;23,9;27,4;30;25,3
22-Jul-2021 22:45:00;29,6;23,9;27,4;30;25,3
22-Jul-2021 22:50:00;29,7;23,8;27,4;29,9;25,3
22-Jul-2021 22:55:00;29,8;23,8;27,2;29,9;25,3
22-Jul-2021 23:00:00;29,8;23,8;27,3;29,7;25,2
22-Jul-2021 23:05:00;29,7;23,8;27,4;29,7;25,3
22-Jul-2021 23:10:00;29,7;23,7;27,4;29,6;25,2
22-Jul-2021 23:15:00;29,8;23,7;27,5;29,5;25,2
22-Jul-2021 23:20:00;29,8;23,7;27,5;29,5;25,2
22-Jul-2021 23:25:00;29,9;23,6;27,5;29,5;25,2
22-Jul-2021 23:30:00;29,8;23,6;27,5;29,3;25,2
22-Jul-2021 23:35:00;29,9;23,5;27,4;29,3;25,1
22-Jul-2021 23:40:00;29,8;23,5;27,3;29,2;25,1
22-Jul-2021 23:45:00;30;23,5;27,3;29,2;25,1
22-Jul-2021 23:50:00;30;23,5;27,3;29,1;25,1
22-Jul-2021 23:55:00;30;23,5;27,2;29;25,1
23-Jul-2021 00:00:00;30;23,4;27,2;29;25,1
23-Jul-2021 00:05:00;29,8;23,4;27,2;28,9;25,1
23-Jul-2021 00:10:00;29,9;23,4;27,2;28,9;25,1
23-Jul-2021 00:15:00;29,9;23,3;27,2;28,9;25
23-Jul-2021 00:20:00;29,9;23,4;27,2;28,9;25
23-Jul-2021 00:25:00;30;23,2;27,3;28,8;25
23-Jul-2021 00:30:00;30;23,2;27,5;28,8;25
23-Jul-2021 00:35:00;30,1;23,2;27,6;28,7;25
23-Jul-2021 00:40:00;30,1;23,2;27,6;28,7;24,9
23-Jul-2021 00:45:00;30,2;23,1;27,6;28,6;24,9
23-Jul-2021 00:50:00;30,1;23,1;27,6;28,6;24,9
23-Jul-2021 00:55:00;30,1;23,1;27,4;28,6;24,9
23-Jul-2021 01:00:00;30,2;23;27,3;28,5;24,9
23-Jul-2021 01:05:00;30,1;23,1;27,2;28,4;24,9
23-Jul-2021 01:10:00;30,1;23,1;27,2;28,4;24,9
23-Jul-2021 01:15:00;30,1;23;27;28,3;24,8
23-Jul-2021 01:20:00;30,1;23;26,8;28,3;24,8
23-Jul-2021 01:25:00;30,2;23;26,7;28,3;24,8
23-Jul-2021 01:30:00;30,2;23;26,6;28,3;24,8
23-Jul-2021 01:35:00;30,3;23;26,6;28,2;24,8
23-Jul-2021 01:40:00;30,2;23;26,5;28,2;24,8
23-Jul-2021 01:45:00;30,3;23;26,4;28,1;24,8
23-Jul-2021 01:50:00;30,3;22,9;26,4;28,1;24,7
23-Jul-2021 01:55:00;30,3;22,9;26,4;28;24,7
23-Jul-2021 02:00:00;30,2;22,9;26,5;27,8;24,7
23-Jul-2021 02:05:00;30,3;22,7;26,4;27,8;24,7
23-Jul-2021 02:10:00;30,4;22,8;26,4;27,8;24,6
23-Jul-2021 02:15:00;30,4;22,8;26,4;27,7;24,7
23-Jul-2021 02:20:00;30,4;22,7;26,4;27,7;24,7
23-Jul-2021 02:25:00;30,4;22,7;26,4;27,7;24,7
23-Jul-2021 02:30:00;30,5;22,8;26,4;27,6;24,7
23-Jul-2021 02:35:00;30,4;22,8;26,3;27,6;24,6
23-Jul-2021 02:40:00;30,4;22,7;26,3;27,7;24,6
23-Jul-2021 02:45:00;30,2;22,6;26,3;27,6;24,6
23-Jul-2021 02:50:00;30,2;22,6;26,2;27,6;24,6
23-Jul-2021 02:55:00;30,1;22,6;26,2;27,6;24,6
23-Jul-2021 03:00:00;30,1;22,6;26,1;27,6;24,6
23-Jul-2021 03:05:00;30,2;22,5;26,1;27,5;24,6
23-Jul-2021 03:10:00;30,1;22,5;26,1;27,5;24,6
23-Jul-2021 03:15:00;30,3;22,5;26,1;27,4;24,6
23-Jul-2021 03:20:00;30,2;22,5;26;27,4;24,6
23-Jul-2021 03:25:00;30,1;22,6;26;27,4;24,6
23-Jul-2021 03:30:00;30,3;22,5;26,1;27,3;24,5
23-Jul-2021 03:35:00;30,1;22,5;26,1;27,3;24,6
23-Jul-2021 03:40:00;30,1;22,4;26,1;27,2;24,5
23-Jul-2021 03:45:00;30,1;22,4;26,1;27,2;24,5
23-Jul-2021 03:50:00;30,1;22,4;26,1;27,2;24,5
23-Jul-2021 03:55:00;30,1;22,4;26,1;27,3;24,5
23-Jul-2021 04:00:00;30,1;22,4;26;27,2;24,5
23-Jul-2021 04:05:00;29,9;22,4;26;27,2;24,4
23-Jul-2021 04:10:00;29,9;22,4;26;27,1;24,4
23-Jul-2021 04:15:00;29,9;22,3;26;27;24,5
23-Jul-2021 04:20:00;29,9;22,4;26;27;24,4
23-Jul-2021 04:25:00;29,9;22,3;25,9;26,9;24,4
23-Jul-2021 04:30:00;30,1;22,3;25,8;26,7;24,4
23-Jul-2021 04:35:00;30;22,3;25,8;26,7;24,4
23-Jul-2021 04:40:00;29,8;22,2;25,8;26,6;24,4
23-Jul-2021 04:45:00;29,8;22,2;25,7;26,6;24,3
23-Jul-2021 04:50:00;29,9;22,2;25,7;26,6;24,3
23-Jul-2021 04:55:00;29,7;22,2;25,7;26,6;24,3
23-Jul-2021 05:00:00;29,6;22,2;25,8;26,5;24,2
23-Jul-2021 05:05:00;29,6;22,1;25,8;26,4;24,2
23-Jul-2021 05:10:00;29,6;22,1;25,8;26,4;24,2
23-Jul-2021 05:15:00;29,7;22,1;25,8;26,4;24,1
23-Jul-2021 05:20:00;29,6;22,1;25,8;26,3;24
23-Jul-2021 05:25:00;29,8;22,1;25,8;26,3;24,1
23-Jul-2021 05:30:00;29,7;22,1;25,7;26,3;24,2
23-Jul-2021 05:35:00;29,7;22,2;25,7;26,4;24,1
23-Jul-2021 05:40:00;29,6;22,1;25,5;26,2;24,2
23-Jul-2021 05:45:00;29,6;22;25,6;26,2;24,2
23-Jul-2021 05:50:00;29,5;21,9;25,5;26,1;24,1
23-Jul-2021 05:55:00;29,5;22;25,5;26,1;24,1
23-Jul-2021 06:00:00;29,3;22;25,5;26,1;24,1
23-Jul-2021 06:05:00;29,5;21,9;25,5;26;24
23-Jul-2021 06:10:00;29,5;22;25,6;26;24,1
23-Jul-2021 06:15:00;29,4;21,8;25,6;25,9;24,1
23-Jul-2021 06:20:00;29,4;21,8;25,6;25,9;24
23-Jul-2021 06:25:00;29,6;21,7;25,6;25,8;24,1
23-Jul-2021 06:30:00;29,9;21,7;25,6;25,8;24
23-Jul-2021 06:35:00;30;21,6;25,6;25,9;23,9
23-Jul-2021 06:40:00;29,6;21,6;25,5;25,8;23,9
23-Jul-2021 06:45:00;29,3;21,6;25,5;25,7;23,9
23-Jul-2021 06:50:00;29,4;21,6;25,5;25,6;23,9
23-Jul-2021 06:55:00;29,5;21,4;25,6;25,6;23,8
23-Jul-2021 07:00:00;29,4;21,4;25,4;25,6;23,9
23-Jul-2021 07:05:00;29,3;21,4;25,4;25,5;23,9
23-Jul-2021 07:10:00;29,4;21,3;25,4;25,4;23,9
23-Jul-2021 07:15:00;29,6;21,4;25,2;25,4;23,9
23-Jul-2021 07:20:00;29,6;21,4;25,1;25,4;23,9
23-Jul-2021 07:25:00;29,6;21,4;25;25,5;24
23-Jul-2021 07:30:00;29,8;21,4;24,8;25,5;23,9
23-Jul-2021 07:35:00;29,7;21,5;25;25,5;24
23-Jul-2021 07:40:00;29,7;21,5;25,1;25,5;24
23-Jul-2021 07:45:00;29,6;21,5;25;25,4;24
23-Jul-2021 07:50:00;29,4;21,5;25;25,4;24
23-Jul-2021 07:55:00;29,4;21,6;25,2;25,4;24
23-Jul-2021 08:00:00;29,7;21,6;25,1;25,4;24
23-Jul-2021 08:05:00;29,4;21,7;25,2;25,4;24,1
23-Jul-2021 08:10:00;29,7;21,7;25,2;25,5;24,2
23-Jul-2021 08:15:00;29,4;21,8;25,2;25,6;24,3
23-Jul-2021 08:20:00;29,6;21,9;25,3;25,6;24,4
23-Jul-2021 08:25:00;29,6;22;25,3;25,8;24,5
23-Jul-2021 08:30:00;29,2;22,1;25,3;25,8;24,5
23-Jul-2021 08:35:00;29,4;22,1;25,2;25,9;24,6
23-Jul-2021 08:40:00;29;22,1;25,3;26,1;24,6
23-Jul-2021 08:45:00;29,3;22,2;25,2;26,2;24,6
23-Jul-2021 08:50:00;29,5;22,3;25,3;26,3;24,7
23-Jul-2021 08:55:00;29,2;22,3;25,5;26,5;24,7
23-Jul-2021 09:00:00;29,4;22,4;25,6;26,7;24,7
23-Jul-2021 09:05:00;29,4;22,4;25,7;26,7;24,8
23-Jul-2021 09:10:00;29,4;22,5;25,7;26,9;24,8
23-Jul-2021 09:15:00;28,9;22,5;25,9;27,1;24,8
23-Jul-2021 09:20:00;29,1;22,6;26,1;27,2;24,8
23-Jul-2021 09:25:00;28,8;22,6;26;27,1;24,8
23-Jul-2021 09:30:00;29,1;22,7;26,1;27,2;24,8
23-Jul-2021 09:35:00;29,3;22,7;26,2;27,2;24,8
23-Jul-2021 09:40:00;29;22,7;26,2;27,3;24,8
23-Jul-2021 09:45:00;29,1;22,8;26,1;27,3;24,8
23-Jul-2021 09:50:00;29,1;22,8;26,1;27,2;24,7
23-Jul-2021 09:55:00;29,1;22,9;26,1;27,3;24,8
23-Jul-2021 10:00:00;29,2;22,9;26,2;27,2;24,8
23-Jul-2021 10:05:00;29,2;23;26,1;27,1;24,8
23-Jul-2021 10:10:00;29,1;23;26,2;27,1;24,8
23-Jul-2021 10:15:00;28,6;23;26,2;27,2;24,8
23-Jul-2021 10:20:00;29;23,1;26,2;27,1;24,8
23-Jul-2021 10:25:00;29,1;23,1;26,2;27,2;24,9
23-Jul-2021 10:30:00;29,1;23,1;26,2;27,2;24,9
23-Jul-2021 10:35:00;29,1;23,1;26,2;27,3;24,9
23-Jul-2021 10:40:00;29,1;23,2;26,4;27,4;25
23-Jul-2021 10:45:00;29;23,2;26,3;27,4;25
23-Jul-2021 10:50:00;28,6;23,2;26,3;27,5;24,9
23-Jul-2021 10:55:00;28,7;23,2;26,4;27,5;24,9
23-Jul-2021 11:00:00;28,9;23,2;26,4;27,5;24,9
23-Jul-2021 11:05:00;28,9;23,3;26,4;27,6;24,9
23-Jul-2021 11:10:00;28,6;23,3;26,8;27,7;24,9
23-Jul-2021 11:15:00;28,8;23,3;26,9;27,9;24,9
23-Jul-2021 11:20:00;28,8;23,3;26,9;28;24,9
23-Jul-2021 11:25:00;28,9;23,3;27;28,1;24,9
23-Jul-2021 11:30:00;28,8;23,4;27,1;28,2;24,9
23-Jul-2021 11:35:00;28,8;23,3;27;28,3;25
23-Jul-2021 11:40:00;28,8;23,4;27;28,3;25,1
23-Jul-2021 11:45:00;28,8;23,4;27,1;28,3;25,1
23-Jul-2021 11:50:00;28,7;23,4;27,2;28,3;25,1
23-Jul-2021 11:55:00;28,7;23,4;27,1;28,4;25,1
23-Jul-2021 12:00:00;28,6;23,4;27;28,5;25,1
23-Jul-2021 12:05:00;28,5;23,5;27,1;28,5;25,1
23-Jul-2021 12:10:00;28,5;23,5;27,2;28,5;25,1
23-Jul-2021 12:15:00;28,6;23,5;27,3;28,6;25,1
23-Jul-2021 12:20:00;28,6;23,6;27,5;28,7;25,3
23-Jul-2021 12:25:00;28,6;23,6;27,6;28,8;25,3
23-Jul-2021 12:30:00;28,6;23,6;27,5;28,9;25,3
23-Jul-2021 12:35:00;28,6;23,7;27,5;28,9;25,3
23-Jul-2021 12:40:00;28,4;23,7;27,5;28,9;25,3
23-Jul-2021 12:45:00;28,4;23,7;27,7;29;25,4
23-Jul-2021 12:50:00;28,1;23,8;27,7;29;25,3
23-Jul-2021 12:55:00;28,6;23,8;27,6;29;25,2
23-Jul-2021 13:00:00;28,6;23,8;27,6;29,2;25,3
23-Jul-2021 13:05:00;28,5;23,8;27,6;29,1;25,3
23-Jul-2021 13:10:00;28,4;24;27,7;29,2;25,3
23-Jul-2021 13:15:00;28,4;23,9;27,7;29,3;25,3
23-Jul-2021 13:20:00;28,3;24;27,7;29,4;25,3
23-Jul-2021 13:25:00;28,1;24,2;27,7;29,4;25,4
23-Jul-2021 13:30:00;28,1;24,2;27,9;29,5;25,4
23-Jul-2021 13:35:00;28,2;24,2;28;29,6;25,4
23-Jul-2021 13:40:00;28,1;24,2;28;29,7;25,5
23-Jul-2021 13:45:00;28,2;24,3;28,1;29,8;25,5
23-Jul-2021 13:50:00;27,9;24,3;28,2;29,7;25,6
23-Jul-2021 13:55:00;28;24,3;28,1;29,7;25,6
23-Jul-2021 14:00:00;27,9;24,4;28,2;29,7;25,6
23-Jul-2021 14:05:00;28,1;24,3;28,1;29,8;25,6
23-Jul-2021 14:10:00;28,1;24,2;28,2;29,8;25,5
23-Jul-2021 14:15:00;28,1;24,3;28,2;29,8;25,6
23-Jul-2021 14:20:00;28,1;24,2;28,5;29,9;25,5
23-Jul-2021 14:25:00;28;24,2;28,7;30;25,6
23-Jul-2021 14:30:00;27,9;24,4;28,6;30,2;25,6
23-Jul-2021 14:35:00;27,8;24,4;28,8;30,2;25,8
23-Jul-2021 14:40:00;27,9;24,7;28,7;30,2;25,8
23-Jul-2021 14:45:00;28,1;24,9;28,9;30,2;25,8
23-Jul-2021 14:50:00;28,1;24,9;28,7;30,2;25,8
23-Jul-2021 14:55:00;28,2;25,1;28,8;30,2;25,7
23-Jul-2021 15:00:00;28,2;25,1;28,7;30,3;25,9
23-Jul-2021 15:05:00;27,6;25;28,9;30,3;25,9
23-Jul-2021 15:10:00;27,6;25,2;28,9;30,4;26
23-Jul-2021 15:15:00;27,8;25,1;28,9;30,3;25,9
23-Jul-2021 15:20:00;27,7;25,2;28,8;30,4;25,8
23-Jul-2021 15:25:00;27,8;25;28,6;30,5;26,1
23-Jul-2021 15:30:00;27,8;25,1;28,7;30,6;25,9
23-Jul-2021 15:35:00;27,7;25,1;28,9;30,5;25,9
23-Jul-2021 15:40:00;27,6;25;28,8;30,6;25,8
23-Jul-2021 15:45:00;27,6;25;28,9;30,5;26,1
23-Jul-2021 15:50:00;27,6;25;28,7;30,6;26
23-Jul-2021 15:55:00;27,6;25;28,8;30,5;26
23-Jul-2021 16:00:00;27,8;25;29;30,5;25,9
23-Jul-2021 16:05:00;27,9;24,9;29;30,6;25,9
23-Jul-2021 16:10:00;28,1;25;28,8;30,6;26
23-Jul-2021 16:15:00;27,9;25;29,1;30,6;26
23-Jul-2021 16:20:00;27,9;24,9;29;30,7;25,9
23-Jul-2021 16:25:00;28,1;25;29,1;30,8;26,1
23-Jul-2021 16:30:00;28,1;25;28,9;30,7;26,1
23-Jul-2021 16:35:00;28,1;25,2;28,8;30,7;26
23-Jul-2021 16:40:00;28,2;25;29,1;30,7;25,9
23-Jul-2021 16:45:00;28,2;25;29,2;30,8;25,9
23-Jul-2021 16:50:00;28,3;25;29,2;30,9;25,8
23-Jul-2021 16:55:00;28,3;25;29,3;30,9;25,8
23-Jul-2021 17:00:00;28,2;25;29,4;30,9;25,9
23-Jul-2021 17:05:00;28,3;24,9;29,3;30,9;26
23-Jul-2021 17:10:00;28,3;24,9;29,3;31;25,9
23-Jul-2021 17:15:00;28,4;24,9;29,3;31,1;25,9
23-Jul-2021 17:20:00;28,5;24,9;29,3;31,1;26
23-Jul-2021 17:25:00;28,6;25,1;29,2;31;25,9
23-Jul-2021 17:30:00;28,5;25;29,1;31;25,9
23-Jul-2021 17:35:00;28,4;25,1;29,1;31,2;25,9
23-Jul-2021 17:40:00;28,4;25,1;29,2;31,1;26
23-Jul-2021 17:45:00;28,5;25,1;29,1;31,1;25,9
23-Jul-2021 17:50:00;28,4;25,1;29,1;31,2;25,9
23-Jul-2021 17:55:00;28,5;25,1;29;31,2;25,9
23-Jul-2021 18:00:00;28,5;25;29,1;31,2;25,9
23-Jul-2021 18:05:00;28,5;25;28,8;31,4;25,9
23-Jul-2021 18:10:00;28,5;24,8;28,7;31,6;25,8
23-Jul-2021 18:15:00;28,6;24,8;28,9;31,7;25,9
23-Jul-2021 18:20:00;28,6;24,9;29;31,9;26
23-Jul-2021 18:25:00;28,6;24,8;28,9;31,7;26
23-Jul-2021 18:30:00;28,6;24,8;29;31,6;26
23-Jul-2021 18:35:00;28,7;24,8;29;31,5;26
23-Jul-2021 18:40:00;28,7;24,8;29;31,5;26
23-Jul-2021 18:45:00;28,6;24,8;29;31,3;26
23-Jul-2021 18:50:00;28,7;24,9;29,1;31,2;25,9
23-Jul-2021 18:55:00;28,8;24,9;29;31;25,9
23-Jul-2021 19:00:00;28,7;24,8;28,9;31,1;26,1
23-Jul-2021 19:05:00;28,8;24,9;29;31,2;26
23-Jul-2021 19:10:00;28,8;25;29;31,1;25,9
23-Jul-2021 19:15:00;28,9;25,1;29;30,8;25,9
23-Jul-2021 19:20:00;29;25,2;29;30,9;25,9
23-Jul-2021 19:25:00;29;25,2;28,9;31,2;25,9
23-Jul-2021 19:30:00;29;25,2;28,9;31,2;25,8
23-Jul-2021 19:35:00;29;25,1;28,7;31,2;25,8
23-Jul-2021 19:40:00;29;25,1;28,4;31,3;25,8
23-Jul-2021 19:45:00;29,1;25;28,3;31,5;25,8
23-Jul-2021 19:50:00;29,1;24,9;28,2;31,8;25,8
23-Jul-2021 19:55:00;29,1;24,8;28,3;31,9;25,8
23-Jul-2021 20:00:00;29,1;24,8;28,3;32;25,8
23-Jul-2021 20:05:00;29,1;24,8;28,2;32;25,8
23-Jul-2021 20:10:00;29,1;24,7;28,2;32;25,8
23-Jul-2021 20:15:00;29,3;24,6;28,2;32;25,8
23-Jul-2021 20:20:00;29,1;24,7;28,2;32,1;25,8
23-Jul-2021 20:25:00;29,2;24,6;28,2;32;25,8
23-Jul-2021 20:30:00;29,2;24,5;28,2;31,9;25,8
23-Jul-2021 20:35:00;29,2;24,5;28,1;31,9;25,7
23-Jul-2021 20:40:00;29,3;24,5;28,1;31,7;25,7
23-Jul-2021 20:45:00;29,3;24,5;28;31,6;25,7
23-Jul-2021 20:50:00;29,5;24,5;27,9;31,5;25,7
23-Jul-2021 20:55:00;29,4;24,6;27,8;31,3;25,7
23-Jul-2021 21:00:00;29,4;24,5;27,7;31,2;25,7
23-Jul-2021 21:05:00;29,5;24,5;27,7;31;25,7
23-Jul-2021 21:10:00;29,6;24,4;28,1;30,9;25,7
23-Jul-2021 21:15:00;29,4;24,4;28,2;30,6;25,7
23-Jul-2021 21:20:00;29,5;24,4;27,9;30,5;25,7
23-Jul-2021 21:25:00;29,6;24,3;27,8;30,5;25,7
23-Jul-2021 21:30:00;29,6;24,3;27,7;30,4;25,7
23-Jul-2021 21:35:00;29,7;24,2;27,6;30,3;25,7
23-Jul-2021 21:40:00;29,6;24,3;27,5;30,2;25,7
23-Jul-2021 21:45:00;29,8;24,2;27,4;30,2;25,6
23-Jul-2021 21:50:00;29,8;24,2;27,4;30,1;25,6
23-Jul-2021 21:55:00;29,8;24,2;27,4;29,9;25,6
23-Jul-2021 22:00:00;29,7;24,1;27,5;29,9;25,6
23-Jul-2021 22:05:00;29,8;24,1;27,3;29,8;25,4
23-Jul-2021 22:10:00;29,7;24;27,3;29,8;25,4
23-Jul-2021 22:15:00;29,8;24;27,3;29,7;25,4
23-Jul-2021 22:20:00;29,9;23,9;27,3;29,6;25,4
23-Jul-2021 22:25:00;30;23,8;27,4;29,6;25,4
23-Jul-2021 22:30:00;29,9;23,8;27,4;29,5;25,3
23-Jul-2021 22:35:00;29,8;23,7;27,4;29,4;25,3
23-Jul-2021 22:40:00;29,7;23,7;27,4;29,4;25,3
23-Jul-2021 22:45:00;29,8;23,6;27,5;29,4;25,2
23-Jul-2021 22:50:00;29,7;23,6;27,5;29,3;25,2
23-Jul-2021 22:55:00;29,8;23,5;27,4;29,3;25,2
23-Jul-2021 23:00:00;29,8;23,4;27,4;29,2;25,1
23-Jul-2021 23:05:00;29,6;23,4;27,4;29,1;25,1
23-Jul-2021 23:10:00;29,7;23,3;27,4;29;25,1
23-Jul-2021 23:15:00;29,8;23,3;27,3;28,9;25,1
23-Jul-2021 23:20:00;29,8;23,2;27,3;28,8;25,1
23-Jul-2021 23:25:00;29,7;23,2;27,2;28,7;25
23-Jul-2021 23:30:00;29,8;23,2;27,2;28,7;25,1
23-Jul-2021 23:35:00;29,9;23,2;27,2;28,7;25
23-Jul-2021 23:40:00;30,1;23,2;27,2;28,6;25
23-Jul-2021 23:45:00;30;23,1;27,2;28,5;25
23-Jul-2021 23:50:00;30,1;23;27,3;28,5;24,9
23-Jul-2021 23:55:00;30,1;23;27,3;28,4;24,9
24-Jul-2021 00:00:00;30,1;23;27,2;28,4;24,9
24-Jul-2021 00:05:00;30,1;22,9;27,1;28,2;24,9
24-Jul-2021 00:10:00;30,1;22,9;27;28,2;24,9
24-Jul-2021 00:15:00;30,2;22,9;26,9;28,3;24,8
24-Jul-2021 00:20:00;30,2;22,8;26,9;28,2;24,8
24-Jul-2021 00:25:00;30,1;22,7;26,9;28,2;24,8
24-Jul-2021 00:30:00;30,2;22,7;26,8;28,2;24,8
24-Jul-2021 00:35:00;30,2;22,7;26,7;28,1;24,8
24-Jul-2021 00:40:00;30,3;22,6;26,7;28;24,8
24-Jul-2021 00:45:00;30,3;22,6;26,7;27,9;24,7
24-Jul-2021 00:50:00;30,2;22,6;26,6;27,9;24,7
24-Jul-2021 00:55:00;30,3;22,6;26,6;27,9;24,7
24-Jul-2021 01:00:00;30,3;22,6;26,5;27,9;24,7
24-Jul-2021 01:05:00;30,3;22,6;26,5;27,7;24,7
24-Jul-2021 01:10:00;30,3;22,5;26,5;27,7;24,7
24-Jul-2021 01:15:00;30,3;22,6;26,5;27,7;24,7
24-Jul-2021 01:20:00;30,2;22,5;26,4;27,7;24,6
24-Jul-2021 01:25:00;30,3;22,5;26,5;27,5;24,7
24-Jul-2021 01:30:00;30,4;22,5;26,4;27,6;24,6
24-Jul-2021 01:35:00;30,4;22,5;26,4;27,5;24,6
24-Jul-2021 01:40:00;30,3;22,4;26,4;27,5;24,6
24-Jul-2021 01:45:00;30,4;22,3;26,3;27,4;24,6
24-Jul-2021 01:50:00;30,4;22,3;26,3;27,4;24,5
24-Jul-2021 01:55:00;30,4;22,3;26,3;27,4;24,5
24-Jul-2021 02:00:00;30,5;22,3;26,2;27,3;24,5
24-Jul-2021 02:05:00;30,3;22,3;26,2;27,3;24,5
24-Jul-2021 02:10:00;30,2;22,3;26,2;27,3;24,5
24-Jul-2021 02:15:00;30,4;22,2;26,2;27,2;24,5
24-Jul-2021 02:20:00;30,4;22,3;26,2;27,2;24,5
24-Jul-2021 02:25:00;30,5;22,2;26,2;27,2;24,5
24-Jul-2021 02:30:00;30,4;22,3;26,2;27,1;24,5
24-Jul-2021 02:35:00;30,4;22,2;26,2;27,1;24,5
24-Jul-2021 02:40:00;30,4;22,3;26,2;27;24,5
24-Jul-2021 02:45:00;30,5;22,4;26,1;27;24,5
24-Jul-2021 02:50:00;30,5;22,3;26,1;26,9;24,5
24-Jul-2021 02:55:00;30,5;22,3;26;26,9;24,5
24-Jul-2021 03:00:00;30,5;22,2;25,9;26,9;24,5
24-Jul-2021 03:05:00;30,5;22,2;25,9;26,8;24,4
24-Jul-2021 03:10:00;30,5;22,1;26;26,8;24,4
24-Jul-2021 03:15:00;30,4;22,2;26;26,7;24,4
24-Jul-2021 03:20:00;30,3;22,1;25,9;26,7;24,3
24-Jul-2021 03:25:00;30,4;22,2;26;26,7;24,4
24-Jul-2021 03:30:00;30,2;22,2;26;26,7;24,4
24-Jul-2021 03:35:00;30,3;22,1;26;26,6;24,4
24-Jul-2021 03:40:00;30,1;22,1;25,9;26,6;24,3
24-Jul-2021 03:45:00;30,2;22;25,9;26,6;24,3
24-Jul-2021 03:50:00;30,4;22;25,9;26,5;24,3
24-Jul-2021 03:55:00;30,3;22;25,9;26,4;24,3
24-Jul-2021 04:00:00;30,2;22;26;26,4;24,3
24-Jul-2021 04:05:00;30,2;22;25,9;26,4;24,3
24-Jul-2021 04:10:00;30,1;22;26;26,3;24,3
24-Jul-2021 04:15:00;30,1;21,9;25,8;26,2;24,3
24-Jul-2021 04:20:00;30,1;21,9;25,8;26,1;24,3
24-Jul-2021 04:25:00;30,2;21,8;25,7;26,1;24,3
24-Jul-2021 04:30:00;30,4;21,8;25,7;26,1;24,2
24-Jul-2021 04:35:00;30,3;21,8;25,7;26,1;24,2
24-Jul-2021 04:40:00;30,1;21,8;25,7;26,1;24
24-Jul-2021 04:45:00;30,1;21,7;25,7;26,1;24,1
24-Jul-2021 04:50:00;30,1;21,8;25,7;25,8;24
24-Jul-2021 04:55:00;30,1;21,8;25,7;25,8;24
24-Jul-2021 05:00:00;29,9;21,8;25,7;25,9;24
24-Jul-2021 05:05:00;29,9;21,8;25,7;25,8;24,1
24-Jul-2021 05:10:00;29,9;21,8;25,7;25,6;23,9
24-Jul-2021 05:15:00;29,6;21,7;25,7;25,7;23,9
24-Jul-2021 05:20:00;29,6;21,7;25,7;25,7;23,9
24-Jul-2021 05:25:00;29,7;21,7;25,7;25,7;23,9
24-Jul-2021 05:30:00;29,9;21,6;25,7;25,6;23,8
24-Jul-2021 05:35:00;29,7;21,6;25,6;25,6;23,6
24-Jul-2021 05:40:00;29,7;21,5;25,6;25,6;23,8
24-Jul-2021 05:45:00;29,4;21,6;25,6;25,6;23,8
24-Jul-2021 05:50:00;29,6;21,6;25,5;25,5;23,8
24-Jul-2021 05:55:00;29,8;21,5;25,5;25,4;23,8
24-Jul-2021 06:00:00;29,6;21,4;25,5;25,4;23,8
24-Jul-2021 06:05:00;29,5;21,4;25,5;25,4;23,7
24-Jul-2021 06:10:00;29,4;21,3;25,5;25,4;23,8
24-Jul-2021 06:15:00;29,3;21,3;25,5;25,4;23,8
24-Jul-2021 06:20:00;29,4;21,3;25,5;25,4;23,9
24-Jul-2021 06:25:00;29,2;21,3;25,5;25,3;23,9
24-Jul-2021 06:30:00;29,1;21,4;25,4;25,2;23,9
24-Jul-2021 06:35:00;29,3;21,3;25,5;25,2;23,9
24-Jul-2021 06:40:00;29,2;21,3;25,4;25,2;23,9
24-Jul-2021 06:45:00;29,1;21,3;25,4;25,2;23,9
24-Jul-2021 06:50:00;29,1;21,3;25,4;25,2;23,9
24-Jul-2021 06:55:00;29,1;21,3;25,3;25,2;23,8
24-Jul-2021 07:00:00;29,1;21,3;25,4;25,2;23,9
24-Jul-2021 07:05:00;29,1;21,3;25,4;25,2;23,9
24-Jul-2021 07:10:00;29,3;21,3;25,2;25,2;24
24-Jul-2021 07:15:00;29,3;21,3;25,4;25,2;24
24-Jul-2021 07:20:00;29,2;21,4;25,2;25,3;23,9
24-Jul-2021 07:25:00;28,6;21,6;25,2;25,4;23,9
24-Jul-2021 07:30:00;29;21,5;25,2;25,4;24
24-Jul-2021 07:35:00;28,5;21,6;25,2;25,4;24
24-Jul-2021 07:40:00;28,6;21,6;25,2;25,5;24
24-Jul-2021 07:45:00;29;21,8;25,2;25,6;24,1
24-Jul-2021 07:50:00;28,9;21,9;25,2;25,5;24,2
24-Jul-2021 07:55:00;28,8;21,9;25,2;25,6;24,2
24-Jul-2021 08:00:00;29;22;25,1;25,6;24,3
24-Jul-2021 08:05:00;29,1;22,1;25,1;25,7;24,4
24-Jul-2021 08:10:00;29,1;22,2;25,2;25,8;24,5
24-Jul-2021 08:15:00;28;22,2;25,3;25,9;24,6
24-Jul-2021 08:20:00;26,7;22,4;25,4;26;24,6
24-Jul-2021 08:25:00;26,7;22,4;25,4;26,1;24,7
24-Jul-2021 08:30:00;28,1;22,5;25,5;26,2;24,7
24-Jul-2021 08:35:00;28,6;22,5;25,6;26,3;24,7
24-Jul-2021 08:40:00;29;22,6;25,6;26,5;24,8
24-Jul-2021 08:45:00;29,2;22,7;25,6;26,5;24,8
24-Jul-2021 08:50:00;29,2;22,8;25,6;26,7;24,8
24-Jul-2021 08:55:00;29,1;22,9;25,7;26,8;24,9
24-Jul-2021 09:00:00;29,2;22,8;25,6;27;24,9
24-Jul-2021 09:05:00;29,2;22,9;25,8;27;24,9
24-Jul-2021 09:10:00;29,3;22,9;25,8;27,1;24,9
24-Jul-2021 09:15:00;29,3;22,9;25,9;27,1;24,9
24-Jul-2021 09:20:00;29,2;23,1;25,9;27;24,9
24-Jul-2021 09:25:00;29,2;23,1;25,9;26,8;24,9
24-Jul-2021 09:30:00;29,3;23,1;26,1;26,7;24,9
24-Jul-2021 09:35:00;29,3;23,2;26,2;26,7;24,9
24-Jul-2021 09:40:00;29,1;23,2;26,2;26,7;25
24-Jul-2021 09:45:00;29,2;23,2;26,2;26,8;25
24-Jul-2021 09:50:00;29,1;23,2;26,2;26,8;25
24-Jul-2021 09:55:00;29,3;23,2;26,2;26,9;25
24-Jul-2021 10:00:00;29,1;23,3;26,5;27;25,1
24-Jul-2021 10:05:00;29,2;23,3;26,5;27,1;25,2
24-Jul-2021 10:10:00;29,2;23,3;26,5;27,2;25,2
24-Jul-2021 10:15:00;29,2;23,4;26,6;27,4;25,2
24-Jul-2021 10:20:00;29,1;23,4;26,7;27,5;25,2
24-Jul-2021 10:25:00;29,2;23,4;26,6;27,5;25,2
24-Jul-2021 10:30:00;29,1;23,5;26,7;27,5;25,2
24-Jul-2021 10:35:00;29,1;23,5;26,7;27,6;25,2
24-Jul-2021 10:40:00;29,2;23,5;26,8;27,6;25,4
24-Jul-2021 10:45:00;29,1;23,6;26,8;27,7;25,2
24-Jul-2021 10:50:00;29,1;23,5;26,8;27,7;25,3
24-Jul-2021 10:55:00;29,2;23,5;26,8;27,8;25,3
24-Jul-2021 11:00:00;29,1;23,5;26,7;27,8;25,2
24-Jul-2021 11:05:00;29,1;23,5;26,7;27,8;25,3
24-Jul-2021 11:10:00;29,1;23,5;27;27,9;25,3
24-Jul-2021 11:15:00;29,1;23,5;26,9;28;25,4
24-Jul-2021 11:20:00;29,1;23,5;27;28,1;25,4
24-Jul-2021 11:25:00;29,1;23,5;27;28,1;25,4
24-Jul-2021 11:30:00;29,1;23,5;27;28,2;25,4
24-Jul-2021 11:35:00;29;23,5;27;28,3;25,6
24-Jul-2021 11:40:00;29;23,5;27,1;28,3;25,7
24-Jul-2021 11:45:00;29;23,6;27,1;28,4;25,5
24-Jul-2021 11:50:00;29;23,7;27,2;28,3;25,6
24-Jul-2021 11:55:00;28,9;23,8;27,1;28,4;25,6
24-Jul-2021 12:00:00;29,1;23,7;27,2;28,2;25,6
24-Jul-2021 12:05:00;29;23,7;27,3;28,3;25,6
24-Jul-2021 12:10:00;28,9;23,8;27,3;28,4;25,7
24-Jul-2021 12:15:00;28,9;23,7;27,2;28,5;25,6
24-Jul-2021 12:20:00;28,8;23,8;27,2;28,6;25,6
24-Jul-2021 12:25:00;28,8;23,8;27,5;28,6;25,6
24-Jul-2021 12:30:00;28,8;23,8;27,6;28,7;25,7
24-Jul-2021 12:35:00;29;23,9;27,6;28,7;25,8
24-Jul-2021 12:40:00;28,8;23,9;27,7;28,8;25,8
24-Jul-2021 12:45:00;28,9;23,8;27,7;28,8;26
24-Jul-2021 12:50:00;28,8;23,8;27,7;28,9;26
24-Jul-2021 12:55:00;28,8;23,9;27,7;28,9;25,8
24-Jul-2021 13:00:00;28,8;23,9;27,6;29;25,8
24-Jul-2021 13:05:00;28,8;23,9;27,9;29,1;25,9
24-Jul-2021 13:10:00;28,8;24;28,7;29,2;25,8
24-Jul-2021 13:15:00;28,7;24;28,6;29,2;25,7
24-Jul-2021 13:20:00;28,7;24;28,7;29,2;25,7
24-Jul-2021 13:25:00;28,7;24;29,2;29,3;25,8
24-Jul-2021 13:30:00;28,7;24;29,3;29,4;25,8
24-Jul-2021 13:35:00;28,6;24;29,2;29,5;25,8
24-Jul-2021 13:40:00;28,6;24;29,2;29,6;25,9
24-Jul-2021 13:45:00;28,7;24,1;29,1;29,7;26
24-Jul-2021 13:50:00;28,7;24;29,1;29,7;26
24-Jul-2021 13:55:00;28,6;24,1;29;29,7;25,9
24-Jul-2021 14:00:00;28,6;24,1;29;29,6;25,9
24-Jul-2021 14:05:00;28,6;24,1;29;29,7;25,9
24-Jul-2021 14:10:00;28,6;24,2;29,1;29,8;25,9
24-Jul-2021 14:15:00;28,7;24,1;29,2;29,9;25,9
24-Jul-2021 14:20:00;28,6;24,1;28,9;29,8;25,9
24-Jul-2021 14:25:00;28,6;24,1;28,9;30;25,8
24-Jul-2021 14:30:00;28,6;24;28,8;30,1;25,9
24-Jul-2021 14:35:00;28,6;24,1;28,9;30,1;25,9
24-Jul-2021 14:40:00;28,6;24,1;28,9;30;25,9
24-Jul-2021 14:45:00;28,6;24,1;29,1;30;25,9
24-Jul-2021 14:50:00;28,3;24,2;28,9;30,1;26
24-Jul-2021 14:55:00;28,5;24,2;28,9;30,1;26
24-Jul-2021 15:00:00;28,5;24,2;28,5;30;26,1
24-Jul-2021 15:05:00;28,6;24,2;28,6;29,9;26,1
24-Jul-2021 15:10:00;28,5;24,3;28,7;30;26,1
24-Jul-2021 15:15:00;28,6;24,3;28,6;29,9;26,1
24-Jul-2021 15:20:00;28,5;24,3;28,6;29,8;26
24-Jul-2021 15:25:00;28,6;24,4;28,5;29,9;26,1
24-Jul-2021 15:30:00;28,7;24,4;28,5;29,9;26,1
24-Jul-2021 15:35:00;28,6;24,4;28,5;29,8;26
24-Jul-2021 15:40:00;28,7;24,5;28,6;30;26
24-Jul-2021 15:45:00;28,5;24,5;28,6;30,2;26
24-Jul-2021 15:50:00;28,4;24,5;28,6;30,1;25,9
24-Jul-2021 15:55:00;28,3;24,4;28,6;30,1;25,9
24-Jul-2021 16:00:00;28,4;24,4;28,4;30,2;25,9
24-Jul-2021 16:05:00;28,4;24,4;28,4;30,3;25,9
24-Jul-2021 16:10:00;28,5;24,4;28,6;30,3;25,9
24-Jul-2021 16:15:00;28,6;24,4;28,6;30,3;25,9
24-Jul-2021 16:20:00;28,7;24,4;28,5;30,3;26
24-Jul-2021 16:25:00;28,6;24,3;28,5;30,6;26,1
24-Jul-2021 16:30:00;28,7;24,3;28,5;30,6;26
24-Jul-2021 16:35:00;28,7;24,2;28,4;30,6;26
24-Jul-2021 16:40:00;28,8;24,2;28,5;30,8;25,9
24-Jul-2021 16:45:00;28,8;24,2;28,4;30,9;26,1
24-Jul-2021 16:50:00;28,8;24,2;28,5;31,1;26
24-Jul-2021 16:55:00;28,9;24,2;28,6;31,2;25,9
24-Jul-2021 17:00:00;28,9;24,2;28,3;31,4;25,9
24-Jul-2021 17:05:00;29;24,2;28,4;31,6;25,9
24-Jul-2021 17:10:00;29,1;24,1;28,3;31,5;25,9
24-Jul-2021 17:15:00;29;24,2;28,3;31,7;25,9
24-Jul-2021 17:20:00;29,1;24,1;28,5;31,8;25,9
24-Jul-2021 17:25:00;28,7;24,1;28,4;31,9;25,9
24-Jul-2021 17:30:00;29,1;24,1;28,4;32;25,9
24-Jul-2021 17:35:00;28,9;24,2;28,3;32;25,8
24-Jul-2021 17:40:00;28,9;24,1;28,3;31,6;25,8
24-Jul-2021 17:45:00;28,9;24,1;28,2;31,8;26
24-Jul-2021 17:50:00;28,9;24,2;28,2;31,6;25,9
24-Jul-2021 17:55:00;30,4;24,2;28,2;31,3;26,1
24-Jul-2021 18:00:00;30,1;24,2;28,2;31,3;26,1
24-Jul-2021 18:05:00;30,3;24,2;28,3;31,3;26,1
24-Jul-2021 18:10:00;30,2;24,2;28,3;31,1;26
24-Jul-2021 18:15:00;30,3;24,2;28,2;31;26,1
24-Jul-2021 18:20:00;30,2;24,1;28,2;31;26,2
24-Jul-2021 18:25:00;30,1;24,2;28,2;31;26,1
24-Jul-2021 18:30:00;30,4;24,2;28,6;31,1;26
24-Jul-2021 18:35:00;30,4;24,2;28,3;30,9;26,1
24-Jul-2021 18:40:00;30,6;24,3;28,2;30,8;26
24-Jul-2021 18:45:00;30,4;24,3;28,2;30,9;25,9
24-Jul-2021 18:50:00;30,2;24,3;28,1;30,9;25,9
24-Jul-2021 18:55:00;30,1;24,3;28;30,9;25,8
24-Jul-2021 19:00:00;30,1;24,4;28,1;30,7;25,8
24-Jul-2021 19:05:00;30,1;24,4;28;30,7;25,8
24-Jul-2021 19:10:00;30,1;24,4;27,9;30,8;25,8
24-Jul-2021 19:15:00;30,4;24,5;28,1;30,7;25,7
24-Jul-2021 19:20:00;30,5;24,4;28,3;30,7;25,8
24-Jul-2021 19:25:00;30,2;24,4;28,1;30,5;25,8
24-Jul-2021 19:30:00;30,2;24,3;27,9;30,6;25,8
24-Jul-2021 19:35:00;30;24,2;27,9;30,7;25,9
24-Jul-2021 19:40:00;30;24,2;27,8;30,6;25,9
24-Jul-2021 19:45:00;29,9;24,2;27,8;30,6;25,9
24-Jul-2021 19:50:00;29,8;24,3;27,7;30,6;26
24-Jul-2021 19:55:00;29,8;24,2;27,7;30,5;25,9
24-Jul-2021 20:00:00;29,8;24,3;27,6;30,3;26
24-Jul-2021 20:05:00;29,7;24,2;27,6;30,2;25,9
24-Jul-2021 20:10:00;29,6;24,2;27,5;30,1;25,9
24-Jul-2021 20:15:00;29,6;24,2;27,5;30;25,9
24-Jul-2021 20:20:00;29,6;24,2;27,4;29,9;25,9
24-Jul-2021 20:25:00;29,6;24,2;27,4;29,9;25,9
24-Jul-2021 20:30:00;29,6;24,2;27,3;29,9;25,9
24-Jul-2021 20:35:00;29,3;24,2;27,3;29,9;25,9
24-Jul-2021 20:40:00;29,3;24,2;27,3;29,9;25,9
24-Jul-2021 20:45:00;29,6;24,2;27,3;29,8;25,8
24-Jul-2021 20:50:00;29,6;24,2;27,5;29,7;25,8
24-Jul-2021 20:55:00;29,3;24,2;27,5;29,2;25,8
24-Jul-2021 21:00:00;29,5;24,2;27,6;29,3;25,8
24-Jul-2021 21:05:00;29,4;24,2;27,7;29,4;25,8
24-Jul-2021 21:10:00;29,3;24,2;27,8;29,4;25,8
24-Jul-2021 21:15:00;29,5;24,2;27,7;29,4;25,8
24-Jul-2021 21:20:00;29,4;24,1;27,8;29,4;25,8
24-Jul-2021 21:25:00;29,5;24;27,7;29,4;25,7
24-Jul-2021 21:30:00;29,3;24;27,6;29,3;25,7
24-Jul-2021 21:35:00;29,4;24;27,5;29,3;25,7
24-Jul-2021 21:40:00;29,4;23,9;27,4;29,3;25,6
24-Jul-2021 21:45:00;29,4;23,9;27,6;29,2;25,6
24-Jul-2021 21:50:00;29,4;23,9;27,6;29,2;25,6
24-Jul-2021 21:55:00;29,3;23,9;27,5;29,1;25,6
24-Jul-2021 22:00:00;29,3;23,9;27,4;29;25,5
24-Jul-2021 22:05:00;29,3;23,8;27,4;28,9;25,5
24-Jul-2021 22:10:00;29;23,8;27,4;28,8;25,4
24-Jul-2021 22:15:00;29;23,7;27,4;28,8;25,4
24-Jul-2021 22:20:00;28,8;23,7;27,3;28,8;25,4
24-Jul-2021 22:25:00;28,9;23,7;27,2;28,7;25,4
24-Jul-2021 22:30:00;29,1;23,6;27,2;28,7;25,4
24-Jul-2021 22:35:00;29,3;23,5;27,2;28,6;25,4
24-Jul-2021 22:40:00;29,2;23,5;27,1;28,6;25,3
24-Jul-2021 22:45:00;29,1;23,5;27;28,6;25,4
24-Jul-2021 22:50:00;29,1;23,4;27;28,6;25,3
24-Jul-2021 22:55:00;29,3;23,3;26,9;28,5;25,2
24-Jul-2021 23:00:00;29,4;23,3;26,9;28,4;25,2
24-Jul-2021 23:05:00;29,2;23,3;26,8;28,4;25,2
24-Jul-2021 23:10:00;29,1;23,4;26,8;28,2;25,2
24-Jul-2021 23:15:00;29,4;23,3;26,8;28,2;25,1
24-Jul-2021 23:20:00;29,6;23,1;26,7;28,2;25,1
24-Jul-2021 23:25:00;29,7;23,1;26,7;28,1;25,1
24-Jul-2021 23:30:00;29,7;23,1;26,7;28;25,1
24-Jul-2021 23:35:00;29,7;23,1;26,7;28;25,1
24-Jul-2021 23:40:00;29,7;23;26,6;28;25,1
24-Jul-2021 23:45:00;29,6;23,1;26,6;28,1;25
24-Jul-2021 23:50:00;29,6;23;26,6;28;25
24-Jul-2021 23:55:00;29,6;23;26,7;27,9;25
25-Jul-2021 00:00:00;29,6;22,9;26,6;27,9;24,9
25-Jul-2021 00:05:00;29,4;22,9;26,6;27,9;24,9
25-Jul-2021 00:10:00;29,6;22,9;26,6;27,9;24,9
25-Jul-2021 00:15:00;29,4;22,9;26,5;27,9;24,9
25-Jul-2021 00:20:00;29,6;22,9;26,6;27,8;24,9
25-Jul-2021 00:25:00;29,2;22,9;26,4;27,7;24,9
25-Jul-2021 00:30:00;29,2;22,8;26,4;27,7;24,8
25-Jul-2021 00:35:00;28,8;22,9;26,4;27,6;24,9
25-Jul-2021 00:40:00;29,1;23;26,4;27,7;24,8
25-Jul-2021 00:45:00;29,1;23,1;26,4;27,6;24,8
25-Jul-2021 00:50:00;29,2;23;26,4;27,5;24,8
25-Jul-2021 00:55:00;29,3;22,9;26,4;27,5;24,8
25-Jul-2021 01:00:00;29,2;22,7;26,4;27,5;24,8
25-Jul-2021 01:05:00;29,1;22,8;26,4;27,4;24,8
25-Jul-2021 01:10:00;29,2;22,7;26,3;27,5;24,8
25-Jul-2021 01:15:00;29,1;22,7;26,3;27,4;24,8
25-Jul-2021 01:20:00;29,1;22,8;26,3;27,4;24,8
25-Jul-2021 01:25:00;29;22,7;26,2;27,3;24,8
25-Jul-2021 01:30:00;29,1;22,8;26,2;27,2;24,7
25-Jul-2021 01:35:00;29,2;22,7;26,2;27,2;24,7
25-Jul-2021 01:40:00;29,2;22,7;26,2;27,1;24,7
25-Jul-2021 01:45:00;29,3;22,5;26,2;27,1;24,7
25-Jul-2021 01:50:00;29,1;22,5;26,3;27;24,6
25-Jul-2021 01:55:00;28,9;22,5;26,3;27;24,6
25-Jul-2021 02:00:00;29,1;22,5;26,3;26,9;24,7
25-Jul-2021 02:05:00;29;22,5;26,3;27;24,7
25-Jul-2021 02:10:00;29,1;22,4;26,3;27;24,6
25-Jul-2021 02:15:00;28,6;22,5;26,3;27;24,6
25-Jul-2021 02:20:00;29;22,4;26,2;27;24,6
25-Jul-2021 02:25:00;28,7;22,4;26,2;26,9;24,6
25-Jul-2021 02:30:00;28,9;22,3;26,2;26,8;24,6
25-Jul-2021 02:35:00;28,8;22,3;26,2;26,8;24,6
25-Jul-2021 02:40:00;28,7;22,3;26,2;26,8;24,6
25-Jul-2021 02:45:00;28,6;22,4;26,2;26,7;24,6
25-Jul-2021 02:50:00;28,7;22,4;26,2;26,7;24,6
25-Jul-2021 02:55:00;28,6;22,4;26,1;26,6;24,6
25-Jul-2021 03:00:00;28,5;22,4;26,1;26,5;24,5
25-Jul-2021 03:05:00;28,7;22,5;26;26,5;24,5
25-Jul-2021 03:10:00;28,6;22,4;25,9;26,3;24,5
25-Jul-2021 03:15:00;28,6;22,4;25,9;26,2;24,5
25-Jul-2021 03:20:00;28,4;22,4;25,9;26,2;24,6
25-Jul-2021 03:25:00;28,3;22,4;25,9;26,2;24,6
25-Jul-2021 03:30:00;28,5;22,4;25,8;26,2;24,6
25-Jul-2021 03:35:00;28,6;22,5;25,8;26,2;24,6
25-Jul-2021 03:40:00;28,9;22,4;25,9;26;24,6
25-Jul-2021 03:45:00;28,6;22,5;25,9;26,1;24,6
25-Jul-2021 03:50:00;28,7;22,4;26;26,1;24,6
25-Jul-2021 03:55:00;28,7;22,4;26;26,1;24,6
25-Jul-2021 04:00:00;28,5;22,4;26;26,1;24,6
25-Jul-2021 04:05:00;28,7;22,4;25,9;26,1;24,6
25-Jul-2021 04:10:00;28,6;22,6;25,9;26,2;24,5
25-Jul-2021 04:15:00;28,6;22,6;25,9;26,1;24,5
25-Jul-2021 04:20:00;28,3;22,7;25,9;26,1;24,6
25-Jul-2021 04:25:00;28,3;22,8;25,8;26,1;24,6
25-Jul-2021 04:30:00;28,4;22,8;25,8;26,1;24,7
25-Jul-2021 04:35:00;28,6;22,8;25,8;26,1;24,7
25-Jul-2021 04:40:00;28,7;22,7;25,8;26,2;24,6
25-Jul-2021 04:45:00;28,4;22,8;25,8;26,3;24,7
25-Jul-2021 04:50:00;28,3;22,7;25,8;26,3;24,7
25-Jul-2021 04:55:00;28,4;22,7;25,7;26,2;24,7
25-Jul-2021 05:00:00;28,8;22,7;25,8;26,3;24,7
25-Jul-2021 05:05:00;28,4;22,6;25,8;26;24,6
25-Jul-2021 05:10:00;28,6;22,4;25,7;25,9;24,7
25-Jul-2021 05:15:00;28,5;22,5;25,8;25,8;24,7
25-Jul-2021 05:20:00;28,3;22,4;25,8;25,9;24,6
25-Jul-2021 05:25:00;28,7;22,4;25,7;25,8;24,7
25-Jul-2021 05:30:00;28,6;22,5;25,7;25,8;24,6
25-Jul-2021 05:35:00;28,7;22,3;25,7;25,8;24,6
25-Jul-2021 05:40:00;28,6;22,4;25,7;25,9;24,6
25-Jul-2021 05:45:00;28,6;22,3;25,7;25,8;24,6
25-Jul-2021 05:50:00;28,6;22,4;25,6;25,8;24,6
25-Jul-2021 05:55:00;28,6;22,4;25,6;25,5;24,6
25-Jul-2021 06:00:00;28,4;22,3;25,7;25,5;24,6
25-Jul-2021 06:05:00;28,5;22,4;25,7;25,5;24,6
25-Jul-2021 06:10:00;28,3;22,4;25,7;25,6;24,6
25-Jul-2021 06:15:00;28,5;22,5;25,7;25,4;24,7
25-Jul-2021 06:20:00;28,4;22,5;25,7;25,4;24,7
25-Jul-2021 06:25:00;28,6;22,6;25,7;25,4;24,8
25-Jul-2021 06:30:00;28,9;22,7;25,7;25,5;24,8
25-Jul-2021 06:35:00;28,7;22,7;25,8;25,8;24,9
25-Jul-2021 06:40:00;28,7;22,7;25,9;25,8;24,9
25-Jul-2021 06:45:00;28,8;22,8;25,9;25,9;25
25-Jul-2021 06:50:00;28,8;22,9;25,8;25,8;25
25-Jul-2021 06:55:00;28,7;22,9;25,8;26;25,1
25-Jul-2021 07:00:00;28,8;23;25,9;26,2;25,1
25-Jul-2021 07:05:00;28,9;23;26;26,2;25,3
25-Jul-2021 07:10:00;29;23,2;26,1;26,2;25,3
25-Jul-2021 07:15:00;28,9;23,2;26,3;26,4;25,3
25-Jul-2021 07:20:00;28,8;23,2;26,2;26,6;25,2
25-Jul-2021 07:25:00;28,9;23,1;26,2;26,6;25,2
25-Jul-2021 07:30:00;28,9;23,2;26,2;26,5;25,3
25-Jul-2021 07:35:00;29;23,2;26,2;26,6;25,3
25-Jul-2021 07:40:00;29;23,1;26,4;26,6;25,2
25-Jul-2021 07:45:00;29,2;23,2;26,4;26,8;25,4
25-Jul-2021 07:50:00;29,4;23,3;26,8;27,1;25,8
25-Jul-2021 07:55:00;29,3;23,3;27,1;27,3;25,9
25-Jul-2021 08:00:00;29,3;23,4;27;27,4;25,9
25-Jul-2021 08:05:00;29,2;23,4;26,9;27,4;25,8
25-Jul-2021 08:10:00;29,2;23,4;27;27,5;25,9
25-Jul-2021 08:15:00;29,3;23,4;26,9;27,6;25,8
25-Jul-2021 08:20:00;29,2;23,5;26,7;27,2;25,7
25-Jul-2021 08:25:00;29,1;23,5;26,6;27,1;25,5
25-Jul-2021 08:30:00;29,2;23,4;26,6;27,1;25,4
25-Jul-2021 08:35:00;29,3;23,4;26,6;27,1;25,4
25-Jul-2021 08:40:00;29,2;23,4;26,6;27,1;25,4
25-Jul-2021 08:45:00;29,2;23,4;26,5;26,9;25,3
25-Jul-2021 08:50:00;29,2;23,4;26,5;27;25,4
25-Jul-2021 08:55:00;29,3;23,3;26,4;27,2;25,3
25-Jul-2021 09:00:00;29,3;23,3;26,6;27,5;25,3
25-Jul-2021 09:05:00;29,3;23,4;26,7;27,5;25,4
25-Jul-2021 09:10:00;29,3;23,4;26,7;27,5;25,5
25-Jul-2021 09:15:00;29,3;23,4;26,7;27,4;25,6
25-Jul-2021 09:20:00;29,2;23,4;26,6;27,3;25,6
25-Jul-2021 09:25:00;29,4;23,4;26,7;27,3;25,4
25-Jul-2021 09:30:00;29,1;23,4;26,7;27,4;25,4
25-Jul-2021 09:35:00;29,1;23,4;26,6;27,3;25,7
25-Jul-2021 09:40:00;29,1;23,4;26,6;27,3;25,7
25-Jul-2021 09:45:00;29,1;23,5;26,5;27,3;25,8
25-Jul-2021 09:50:00;29,2;23,5;26,5;27,4;25,8
25-Jul-2021 09:55:00;29;23,5;26,6;27,3;25,9
25-Jul-2021 10:00:00;28,9;23,5;26,5;27,2;26
25-Jul-2021 10:05:00;28,9;23,6;26,6;27,2;26
25-Jul-2021 10:10:00;28,8;23,6;26,5;27,2;26,1
25-Jul-2021 10:15:00;28,8;23,7;26,5;27,3;26,1
25-Jul-2021 10:20:00;29;23,6;26,5;27,2;26,1
25-Jul-2021 10:25:00;28,9;23,7;26,6;27,3;26,1
25-Jul-2021 10:30:00;29,1;23,7;26,6;27,3;26,1
25-Jul-2021 10:35:00;29,1;23,7;26,9;27,4;26
25-Jul-2021 10:40:00;29,2;23,7;27,1;27,6;26,1
25-Jul-2021 10:45:00;29,3;23,7;27,2;27,7;26
25-Jul-2021 10:50:00;29,2;23,7;27,4;27,7;25,9
25-Jul-2021 10:55:00;29,5;23,7;27,4;27,9;25,7
25-Jul-2021 11:00:00;29,6;23,7;27,2;28;25,6
25-Jul-2021 11:05:00;29,7;23,7;27,4;28,2;25,6
25-Jul-2021 11:10:00;29,4;23,7;27,3;28,3;25,6
25-Jul-2021 11:15:00;29,3;23,6;27,2;28,3;25,6
25-Jul-2021 11:20:00;29,1;23,6;27,3;28,3;25,9
25-Jul-2021 11:25:00;29,1;23,7;27,3;28,2;26
25-Jul-2021 11:30:00;29,1;23,8;27,3;28,2;26,1
25-Jul-2021 11:35:00;29,1;23,8;27,3;28,3;26,2
25-Jul-2021 11:40:00;29,2;23,8;27,3;28,2;26,2
25-Jul-2021 11:45:00;29,2;23,8;27,1;28,2;26,2
25-Jul-2021 11:50:00;29,3;23,8;27,3;28,2;26,2
25-Jul-2021 11:55:00;29,1;23,8;27,3;28,2;26,3
25-Jul-2021 12:00:00;29,4;23,8;27,4;28,2;26,3
25-Jul-2021 12:05:00;29,4;23,8;27,5;28,3;26,3
25-Jul-2021 12:10:00;29,3;23,8;27,7;28,4;26,2
25-Jul-2021 12:15:00;29,4;23,8;27,8;28,4;26,3
25-Jul-2021 12:20:00;29,3;23,8;27,8;28,4;26,2
25-Jul-2021 12:25:00;29,4;23,8;27,9;28,4;26,2
25-Jul-2021 12:30:00;29,4;23,7;27,9;28,3;26,3
25-Jul-2021 12:35:00;29,3;23,8;27,9;28,2;26,3
25-Jul-2021 12:40:00;29,6;23,7;27,9;28,3;26,3
25-Jul-2021 12:45:00;29,4;23,8;27,9;28,2;26,2
25-Jul-2021 12:50:00;29,4;23,7;28,3;28,2;26,1
25-Jul-2021 12:55:00;29,3;23,8;28,7;28,2;26,2
25-Jul-2021 13:00:00;29,4;23,8;29;28,3;26,2
25-Jul-2021 13:05:00;29,4;23,8;29,2;28,5;26,1
25-Jul-2021 13:10:00;29,4;23,8;29;28,8;26,1
25-Jul-2021 13:15:00;29,4;23,8;29,1;29,1;26,1
25-Jul-2021 13:20:00;29,4;23,8;28,9;29,3;26,1
25-Jul-2021 13:25:00;29,5;23,8;28,9;29,4;26
25-Jul-2021 13:30:00;29,3;23,8;29,2;29,4;26,2
25-Jul-2021 13:35:00;29,1;23,8;29,1;29,5;26,2
25-Jul-2021 13:40:00;29,3;23,8;29;29,7;26,2
25-Jul-2021 13:45:00;29,3;23,8;29,2;29,8;26,1
25-Jul-2021 13:50:00;29,5;23,8;29,3;29,9;26
25-Jul-2021 13:55:00;29,6;23,8;29,2;29,9;25,9
25-Jul-2021 14:00:00;29,6;23,8;29,1;29,9;26
25-Jul-2021 14:05:00;29,7;23,8;29;29,7;25,9
25-Jul-2021 14:10:00;29,6;23,8;28,8;29,5;25,9
25-Jul-2021 14:15:00;29,4;23,8;28,7;29,4;26,1
25-Jul-2021 14:20:00;29,3;23,7;28,7;29,3;26,2
25-Jul-2021 14:25:00;29,1;23,8;28,7;29,3;26,3
25-Jul-2021 14:30:00;29,1;23,8;28,7;29,4;26,4
25-Jul-2021 14:35:00;29,3;23,8;28,8;29,6;26,4
25-Jul-2021 14:40:00;29,6;23,8;28,8;29,6;26,4
25-Jul-2021 14:45:00;29,7;23,8;28,8;29,5;26,4
25-Jul-2021 14:50:00;29,7;23,8;28,7;29,4;26,3
25-Jul-2021 14:55:00;29,8;23,8;28,7;29,4;26,2
25-Jul-2021 15:00:00;29,7;23,8;28,6;29,2;26,1
25-Jul-2021 15:05:00;29,7;23,8;28,5;29,2;25,9
25-Jul-2021 15:10:00;29,8;23,8;28,5;29,2;26,1
25-Jul-2021 15:15:00;29,7;23,8;28,4;29,2;26,2
25-Jul-2021 15:20:00;29,7;23,8;28,5;29,2;26,3
25-Jul-2021 15:25:00;29,6;23,8;28,5;29,2;26,4
25-Jul-2021 15:30:00;29,7;23,8;28,5;29,2;26,4
25-Jul-2021 15:35:00;29,7;23,9;28,5;29,2;26,5
25-Jul-2021 15:40:00;29,8;23,9;28,5;29,1;26,3
25-Jul-2021 15:45:00;29,6;23,9;28,4;29,2;26,3
25-Jul-2021 15:50:00;29,7;23,9;28,5;29,3;26,4
25-Jul-2021 15:55:00;29,7;23,9;28,7;29,5;26,4
25-Jul-2021 16:00:00;29,8;23,9;28,7;29,6;26,4
25-Jul-2021 16:05:00;29,8;23,9;28,5;29,7;26,4
25-Jul-2021 16:10:00;29,8;23,9;28,3;29,7;26,5
25-Jul-2021 16:15:00;29,7;23,9;28,3;29,6;26,4
25-Jul-2021 16:20:00;29,8;24;28,3;29,5;26,3
25-Jul-2021 16:25:00;29,8;24;28,3;29,5;26,4
25-Jul-2021 16:30:00;29,8;24;28,2;29,5;26,5
25-Jul-2021 16:35:00;29,7;24;28,1;29,4;26,4
25-Jul-2021 16:40:00;29,6;24;28;29,5;26,4
25-Jul-2021 16:45:00;29,7;24;28;29,5;26,4
25-Jul-2021 16:50:00;29,8;24;27,9;29,2;26,4
25-Jul-2021 16:55:00;29,7;24;27,9;29,1;26,4
25-Jul-2021 17:00:00;29,7;24,1;27,8;29,1;26,3
25-Jul-2021 17:05:00;29,7;24,1;27,8;29,5;26,3
25-Jul-2021 17:10:00;29,7;24;28;29,8;26,3
25-Jul-2021 17:15:00;29,7;24;28;29,8;26,3
25-Jul-2021 17:20:00;29,6;24;28;29,7;26,2
25-Jul-2021 17:25:00;29,7;24,1;28;29,7;26,2
25-Jul-2021 17:30:00;29,7;24;28;29,5;26,3
25-Jul-2021 17:35:00;29,8;24;28;29,5;26,3
25-Jul-2021 17:40:00;29,8;24;27,9;29,4;26,4
25-Jul-2021 17:45:00;29,8;24;27,9;29,5;26,3
25-Jul-2021 17:50:00;29,8;24,1;27,9;29,6;26,2
25-Jul-2021 17:55:00;29,7;24,2;27,9;29,6;26,1
25-Jul-2021 18:00:00;29,7;24,2;28,1;29,7;26,1
25-Jul-2021 18:05:00;29,7;24,2;28,2;29,7;26
25-Jul-2021 18:10:00;29,6;24,2;28,2;29,5;26
25-Jul-2021 18:15:00;29,7;24,2;28,4;29,5;26,2
25-Jul-2021 18:20:00;29,6;24,2;28,5;29,4;26,1
25-Jul-2021 18:25:00;29,7;24,1;28,5;29,3;26
25-Jul-2021 18:30:00;29,7;24,1;28,5;29,4;26
25-Jul-2021 18:35:00;29,7;24,1;28,3;29,2;26
25-Jul-2021 18:40:00;29,7;24,1;28,4;29,2;26,1
25-Jul-2021 18:45:00;29,7;24,1;28,7;29,2;26
25-Jul-2021 18:50:00;29,7;24,1;28,7;29;26
25-Jul-2021 18:55:00;29,8;24,1;28,9;28,9;26,1
25-Jul-2021 19:00:00;29,7;24,1;28,9;28,8;26,1
25-Jul-2021 19:05:00;29,7;24,1;29,1;28,8;26,2
25-Jul-2021 19:10:00;29,7;24,1;29,2;28,8;26
25-Jul-2021 19:15:00;29,7;24,1;29,5;28,8;26
25-Jul-2021 19:20:00;29,6;24,2;29,3;28,8;26
25-Jul-2021 19:25:00;29,7;24,1;29,4;28,9;26
25-Jul-2021 19:30:00;29,6;24,1;29,5;28,9;25,9
25-Jul-2021 19:35:00;29,6;24,1;29,3;28,8;25,9
25-Jul-2021 19:40:00;29,5;24,1;29,3;28,8;25,9
25-Jul-2021 19:45:00;29,5;24,1;29,1;28,6;25,9
25-Jul-2021 19:50:00;;;;;